id,filename,label
0,울음_12.png,울음
1,울음_11.png,울음
2,울음_16.png,울음
3,울음_17.png,울음
4,울음_21.png,울음
5,울음_19.png,울음
6,울음_5.png,울음
7,울음_14.png,울음
8,울음_18.png,울음
9,울음_1.png,울음
10,울음_9.png,울음
11,울음_4.png,울음
12,울음_8.png,울음
13,울음_0.png,울음
14,울음_7.png,울음
15,울음_20.png,울음
16,울음_3.png,울음
17,울음_10.png,울음
18,울음_15.png,울음
19,울음_13.png,울음
20,울음_2.png,울음
21,울음_6.png,울음
22,터짐_135.png,터짐
23,터짐_81.png,터짐
24,터짐_122.png,터짐
25,터짐_94.png,터짐
26,터짐_34.png,터짐
27,터짐_62.png,터짐
28,터짐_114.png,터짐
29,터짐_132.png,터짐
30,터짐_140.png,터짐
31,터짐_12.png,터짐
32,터짐_103.png,터짐
33,터짐_97.png,터짐
34,터짐_73.png,터짐
35,터짐_123.png,터짐
36,터짐_101.png,터짐
37,터짐_61.png,터짐
38,터짐_71.png,터짐
39,터짐_47.png,터짐
40,터짐_65.png,터짐
41,터짐_138.png,터짐
42,터짐_96.png,터짐
43,터짐_153.png,터짐
44,터짐_78.png,터짐
45,터짐_130.png,터짐
46,터짐_11.png,터짐
47,터짐_119.png,터짐
48,터짐_51.png,터짐
49,터짐_16.png,터짐
50,터짐_161.png,터짐
51,터짐_17.png,터짐
52,터짐_105.png,터짐
53,터짐_63.png,터짐
54,터짐_21.png,터짐
55,터짐_55.png,터짐
56,터짐_102.png,터짐
57,터짐_83.png,터짐
58,터짐_69.png,터짐
59,터짐_112.png,터짐
60,터짐_76.png,터짐
61,터짐_85.png,터짐
62,터짐_107.png,터짐
63,터짐_57.png,터짐
64,터짐_58.png,터짐
65,터짐_148.png,터짐
66,터짐_59.png,터짐
67,터짐_134.png,터짐
68,터짐_68.png,터짐
69,터짐_19.png,터짐
70,터짐_108.png,터짐
71,터짐_26.png,터짐
72,터짐_60.png,터짐
73,터짐_115.png,터짐
74,터짐_117.png,터짐
75,터짐_43.png,터짐
76,터짐_27.png,터짐
77,터짐_5.png,터짐
78,터짐_116.png,터짐
79,터짐_23.png,터짐
80,터짐_37.png,터짐
81,터짐_64.png,터짐
82,터짐_89.png,터짐
83,터짐_106.png,터짐
84,터짐_149.png,터짐
85,터짐_54.png,터짐
86,터짐_41.png,터짐
87,터짐_14.png,터짐
88,터짐_150.png,터짐
89,터짐_128.png,터짐
90,터짐_113.png,터짐
91,터짐_125.png,터짐
92,터짐_18.png,터짐
93,터짐_111.png,터짐
94,터짐_30.png,터짐
95,터짐_152.png,터짐
96,터짐_86.png,터짐
97,터짐_1.png,터짐
98,터짐_156.png,터짐
99,터짐_110.png,터짐
100,터짐_33.png,터짐
101,터짐_42.png,터짐
102,터짐_120.png,터짐
103,터짐_39.png,터짐
104,터짐_72.png,터짐
105,터짐_46.png,터짐
106,터짐_28.png,터짐
107,터짐_75.png,터짐
108,터짐_9.png,터짐
109,터짐_109.png,터짐
110,터짐_142.png,터짐
111,터짐_154.png,터짐
112,터짐_36.png,터짐
113,터짐_131.png,터짐
114,터짐_87.png,터짐
115,터짐_4.png,터짐
116,터짐_29.png,터짐
117,터짐_8.png,터짐
118,터짐_50.png,터짐
119,터짐_22.png,터짐
120,터짐_141.png,터짐
121,터짐_145.png,터짐
122,터짐_118.png,터짐
123,터짐_52.png,터짐
124,터짐_136.png,터짐
125,터짐_151.png,터짐
126,터짐_0.png,터짐
127,터짐_147.png,터짐
128,터짐_95.png,터짐
129,터짐_104.png,터짐
130,터짐_143.png,터짐
131,터짐_45.png,터짐
132,터짐_7.png,터짐
133,터짐_144.png,터짐
134,터짐_92.png,터짐
135,터짐_159.png,터짐
136,터짐_88.png,터짐
137,터짐_155.png,터짐
138,터짐_20.png,터짐
139,터짐_3.png,터짐
140,터짐_49.png,터짐
141,터짐_67.png,터짐
142,터짐_25.png,터짐
143,터짐_158.png,터짐
144,터짐_44.png,터짐
145,터짐_40.png,터짐
146,터짐_137.png,터짐
147,터짐_10.png,터짐
148,터짐_53.png,터짐
149,터짐_98.png,터짐
150,터짐_31.png,터짐
151,터짐_66.png,터짐
152,터짐_127.png,터짐
153,터짐_79.png,터짐
154,터짐_84.png,터짐
155,터짐_38.png,터짐
156,터짐_93.png,터짐
157,터짐_100.png,터짐
158,터짐_48.png,터짐
159,터짐_126.png,터짐
160,터짐_99.png,터짐
161,터짐_82.png,터짐
162,터짐_32.png,터짐
163,터짐_129.png,터짐
164,터짐_80.png,터짐
165,터짐_133.png,터짐
166,터짐_121.png,터짐
167,터짐_74.png,터짐
168,터짐_146.png,터짐
169,터짐_15.png,터짐
170,터짐_70.png,터짐
171,터짐_90.png,터짐
172,터짐_91.png,터짐
173,터짐_13.png,터짐
174,터짐_77.png,터짐
175,터짐_139.png,터짐
176,터짐_2.png,터짐
177,터짐_6.png,터짐
178,터짐_35.png,터짐
179,터짐_24.png,터짐
180,터짐_56.png,터짐
181,터짐_124.png,터짐
182,터짐_160.png,터짐
183,터짐_157.png,터짐
184,틈새과다_1.png,틈새과다
185,틈새과다_4.png,틈새과다
186,틈새과다_0.png,틈새과다
187,틈새과다_3.png,틈새과다
188,틈새과다_2.png,틈새과다
189,곰팡이_135.png,곰팡이
190,곰팡이_81.png,곰팡이
191,곰팡이_122.png,곰팡이
192,곰팡이_94.png,곰팡이
193,곰팡이_34.png,곰팡이
194,곰팡이_62.png,곰팡이
195,곰팡이_114.png,곰팡이
196,곰팡이_132.png,곰팡이
197,곰팡이_140.png,곰팡이
198,곰팡이_12.png,곰팡이
199,곰팡이_103.png,곰팡이
200,곰팡이_97.png,곰팡이
201,곰팡이_73.png,곰팡이
202,곰팡이_123.png,곰팡이
203,곰팡이_101.png,곰팡이
204,곰팡이_61.png,곰팡이
205,곰팡이_71.png,곰팡이
206,곰팡이_47.png,곰팡이
207,곰팡이_65.png,곰팡이
208,곰팡이_138.png,곰팡이
209,곰팡이_96.png,곰팡이
210,곰팡이_78.png,곰팡이
211,곰팡이_130.png,곰팡이
212,곰팡이_11.png,곰팡이
213,곰팡이_119.png,곰팡이
214,곰팡이_51.png,곰팡이
215,곰팡이_16.png,곰팡이
216,곰팡이_17.png,곰팡이
217,곰팡이_105.png,곰팡이
218,곰팡이_63.png,곰팡이
219,곰팡이_21.png,곰팡이
220,곰팡이_55.png,곰팡이
221,곰팡이_102.png,곰팡이
222,곰팡이_83.png,곰팡이
223,곰팡이_69.png,곰팡이
224,곰팡이_112.png,곰팡이
225,곰팡이_76.png,곰팡이
226,곰팡이_85.png,곰팡이
227,곰팡이_107.png,곰팡이
228,곰팡이_57.png,곰팡이
229,곰팡이_58.png,곰팡이
230,곰팡이_59.png,곰팡이
231,곰팡이_134.png,곰팡이
232,곰팡이_68.png,곰팡이
233,곰팡이_19.png,곰팡이
234,곰팡이_108.png,곰팡이
235,곰팡이_26.png,곰팡이
236,곰팡이_60.png,곰팡이
237,곰팡이_115.png,곰팡이
238,곰팡이_117.png,곰팡이
239,곰팡이_43.png,곰팡이
240,곰팡이_27.png,곰팡이
241,곰팡이_5.png,곰팡이
242,곰팡이_116.png,곰팡이
243,곰팡이_23.png,곰팡이
244,곰팡이_37.png,곰팡이
245,곰팡이_64.png,곰팡이
246,곰팡이_89.png,곰팡이
247,곰팡이_106.png,곰팡이
248,곰팡이_54.png,곰팡이
249,곰팡이_41.png,곰팡이
250,곰팡이_14.png,곰팡이
251,곰팡이_128.png,곰팡이
252,곰팡이_113.png,곰팡이
253,곰팡이_125.png,곰팡이
254,곰팡이_18.png,곰팡이
255,곰팡이_111.png,곰팡이
256,곰팡이_30.png,곰팡이
257,곰팡이_86.png,곰팡이
258,곰팡이_1.png,곰팡이
259,곰팡이_110.png,곰팡이
260,곰팡이_33.png,곰팡이
261,곰팡이_42.png,곰팡이
262,곰팡이_120.png,곰팡이
263,곰팡이_39.png,곰팡이
264,곰팡이_72.png,곰팡이
265,곰팡이_46.png,곰팡이
266,곰팡이_28.png,곰팡이
267,곰팡이_75.png,곰팡이
268,곰팡이_9.png,곰팡이
269,곰팡이_109.png,곰팡이
270,곰팡이_142.png,곰팡이
271,곰팡이_36.png,곰팡이
272,곰팡이_131.png,곰팡이
273,곰팡이_87.png,곰팡이
274,곰팡이_4.png,곰팡이
275,곰팡이_29.png,곰팡이
276,곰팡이_8.png,곰팡이
277,곰팡이_50.png,곰팡이
278,곰팡이_22.png,곰팡이
279,곰팡이_141.png,곰팡이
280,곰팡이_118.png,곰팡이
281,곰팡이_52.png,곰팡이
282,곰팡이_136.png,곰팡이
283,곰팡이_0.png,곰팡이
284,곰팡이_95.png,곰팡이
285,곰팡이_104.png,곰팡이
286,곰팡이_143.png,곰팡이
287,곰팡이_45.png,곰팡이
288,곰팡이_7.png,곰팡이
289,곰팡이_144.png,곰팡이
290,곰팡이_92.png,곰팡이
291,곰팡이_88.png,곰팡이
292,곰팡이_20.png,곰팡이
293,곰팡이_3.png,곰팡이
294,곰팡이_49.png,곰팡이
295,곰팡이_67.png,곰팡이
296,곰팡이_25.png,곰팡이
297,곰팡이_44.png,곰팡이
298,곰팡이_40.png,곰팡이
299,곰팡이_137.png,곰팡이
300,곰팡이_10.png,곰팡이
301,곰팡이_53.png,곰팡이
302,곰팡이_98.png,곰팡이
303,곰팡이_31.png,곰팡이
304,곰팡이_66.png,곰팡이
305,곰팡이_127.png,곰팡이
306,곰팡이_79.png,곰팡이
307,곰팡이_84.png,곰팡이
308,곰팡이_38.png,곰팡이
309,곰팡이_93.png,곰팡이
310,곰팡이_100.png,곰팡이
311,곰팡이_48.png,곰팡이
312,곰팡이_126.png,곰팡이
313,곰팡이_99.png,곰팡이
314,곰팡이_82.png,곰팡이
315,곰팡이_32.png,곰팡이
316,곰팡이_129.png,곰팡이
317,곰팡이_80.png,곰팡이
318,곰팡이_133.png,곰팡이
319,곰팡이_121.png,곰팡이
320,곰팡이_74.png,곰팡이
321,곰팡이_15.png,곰팡이
322,곰팡이_70.png,곰팡이
323,곰팡이_90.png,곰팡이
324,곰팡이_91.png,곰팡이
325,곰팡이_13.png,곰팡이
326,곰팡이_77.png,곰팡이
327,곰팡이_139.png,곰팡이
328,곰팡이_2.png,곰팡이
329,곰팡이_6.png,곰팡이
330,곰팡이_35.png,곰팡이
331,곰팡이_24.png,곰팡이
332,곰팡이_56.png,곰팡이
333,곰팡이_124.png,곰팡이
334,들뜸_34.png,들뜸
335,들뜸_12.png,들뜸
336,들뜸_47.png,들뜸
337,들뜸_11.png,들뜸
338,들뜸_51.png,들뜸
339,들뜸_16.png,들뜸
340,들뜸_17.png,들뜸
341,들뜸_21.png,들뜸
342,들뜸_19.png,들뜸
343,들뜸_26.png,들뜸
344,들뜸_43.png,들뜸
345,들뜸_27.png,들뜸
346,들뜸_5.png,들뜸
347,들뜸_23.png,들뜸
348,들뜸_37.png,들뜸
349,들뜸_41.png,들뜸
350,들뜸_14.png,들뜸
351,들뜸_18.png,들뜸
352,들뜸_30.png,들뜸
353,들뜸_1.png,들뜸
354,들뜸_33.png,들뜸
355,들뜸_42.png,들뜸
356,들뜸_39.png,들뜸
357,들뜸_46.png,들뜸
358,들뜸_28.png,들뜸
359,들뜸_9.png,들뜸
360,들뜸_36.png,들뜸
361,들뜸_4.png,들뜸
362,들뜸_29.png,들뜸
363,들뜸_8.png,들뜸
364,들뜸_50.png,들뜸
365,들뜸_22.png,들뜸
366,들뜸_52.png,들뜸
367,들뜸_0.png,들뜸
368,들뜸_45.png,들뜸
369,들뜸_7.png,들뜸
370,들뜸_20.png,들뜸
371,들뜸_3.png,들뜸
372,들뜸_49.png,들뜸
373,들뜸_25.png,들뜸
374,들뜸_44.png,들뜸
375,들뜸_40.png,들뜸
376,들뜸_10.png,들뜸
377,들뜸_53.png,들뜸
378,들뜸_31.png,들뜸
379,들뜸_38.png,들뜸
380,들뜸_48.png,들뜸
381,들뜸_32.png,들뜸
382,들뜸_15.png,들뜸
383,들뜸_13.png,들뜸
384,들뜸_2.png,들뜸
385,들뜸_6.png,들뜸
386,들뜸_35.png,들뜸
387,들뜸_24.png,들뜸
388,훼손_531.png,훼손
389,훼손_260.png,훼손
390,훼손_736.png,훼손
391,훼손_176.png,훼손
392,훼손_1035.png,훼손
393,훼손_1030.png,훼손
394,훼손_1127.png,훼손
395,훼손_614.png,훼손
396,훼손_248.png,훼손
397,훼손_135.png,훼손
398,훼손_713.png,훼손
399,훼손_886.png,훼손
400,훼손_656.png,훼손
401,훼손_1106.png,훼손
402,훼손_185.png,훼손
403,훼손_1016.png,훼손
404,훼손_81.png,훼손
405,훼손_701.png,훼손
406,훼손_497.png,훼손
407,훼손_224.png,훼손
408,훼손_122.png,훼손
409,훼손_813.png,훼손
410,훼손_197.png,훼손
411,훼손_621.png,훼손
412,훼손_1260.png,훼손
413,훼손_945.png,훼손
414,훼손_355.png,훼손
415,훼손_480.png,훼손
416,훼손_431.png,훼손
417,훼손_189.png,훼손
418,훼손_986.png,훼손
419,훼손_770.png,훼손
420,훼손_1297.png,훼손
421,훼손_1075.png,훼손
422,훼손_94.png,훼손
423,훼손_425.png,훼손
424,훼손_192.png,훼손
425,훼손_277.png,훼손
426,훼손_808.png,훼손
427,훼손_761.png,훼손
428,훼손_1230.png,훼손
429,훼손_619.png,훼손
430,훼손_853.png,훼손
431,훼손_34.png,훼손
432,훼손_188.png,훼손
433,훼손_1251.png,훼손
434,훼손_773.png,훼손
435,훼손_62.png,훼손
436,훼손_662.png,훼손
437,훼손_485.png,훼손
438,훼손_694.png,훼손
439,훼손_1214.png,훼손
440,훼손_114.png,훼손
441,훼손_1185.png,훼손
442,훼손_335.png,훼손
443,훼손_970.png,훼손
444,훼손_928.png,훼손
445,훼손_1095.png,훼손
446,훼손_1274.png,훼손
447,훼손_1165.png,훼손
448,훼손_468.png,훼손
449,훼손_476.png,훼손
450,훼손_490.png,훼손
451,훼손_1215.png,훼손
452,훼손_696.png,훼손
453,훼손_437.png,훼손
454,훼손_1246.png,훼손
455,훼손_1009.png,훼손
456,훼손_167.png,훼손
457,훼손_963.png,훼손
458,훼손_1065.png,훼손
459,훼손_518.png,훼손
460,훼손_1268.png,훼손
461,훼손_342.png,훼손
462,훼손_1093.png,훼손
463,훼손_1212.png,훼손
464,훼손_1057.png,훼손
465,훼손_1199.png,훼손
466,훼손_132.png,훼손
467,훼손_842.png,훼손
468,훼손_140.png,훼손
469,훼손_873.png,훼손
470,훼손_1279.png,훼손
471,훼손_690.png,훼손
472,훼손_779.png,훼손
473,훼손_586.png,훼손
474,훼손_1131.png,훼손
475,훼손_1334.png,훼손
476,훼손_676.png,훼손
477,훼손_1037.png,훼손
478,훼손_1382.png,훼손
479,훼손_748.png,훼손
480,훼손_1096.png,훼손
481,훼손_572.png,훼손
482,훼손_312.png,훼손
483,훼손_1389.png,훼손
484,훼손_968.png,훼손
485,훼손_344.png,훼손
486,훼손_787.png,훼손
487,훼손_911.png,훼손
488,훼손_12.png,훼손
489,훼손_622.png,훼손
490,훼손_354.png,훼손
491,훼손_366.png,훼손
492,훼손_827.png,훼손
493,훼손_436.png,훼손
494,훼손_474.png,훼손
495,훼손_575.png,훼손
496,훼손_203.png,훼손
497,훼손_1282.png,훼손
498,훼손_479.png,훼손
499,훼손_460.png,훼손
500,훼손_359.png,훼손
501,훼손_1163.png,훼손
502,훼손_1358.png,훼손
503,훼손_209.png,훼손
504,훼손_774.png,훼손
505,훼손_439.png,훼손
506,훼손_356.png,훼손
507,훼손_447.png,훼손
508,훼손_103.png,훼손
509,훼손_1360.png,훼손
510,훼손_689.png,훼손
511,훼손_97.png,훼손
512,훼손_1084.png,훼손
513,훼손_826.png,훼손
514,훼손_660.png,훼손
515,훼손_913.png,훼손
516,훼손_582.png,훼손
517,훼손_869.png,훼손
518,훼손_505.png,훼손
519,훼손_390.png,훼손
520,훼손_273.png,훼손
521,훼손_884.png,훼손
522,훼손_213.png,훼손
523,훼손_914.png,훼손
524,훼손_73.png,훼손
525,훼손_1175.png,훼손
526,훼손_1002.png,훼손
527,훼손_1327.png,훼손
528,훼손_1134.png,훼손
529,훼손_666.png,훼손
530,훼손_1129.png,훼손
531,훼손_1309.png,훼손
532,훼손_240.png,훼손
533,훼손_1070.png,훼손
534,훼손_680.png,훼손
535,훼손_464.png,훼손
536,훼손_749.png,훼손
537,훼손_991.png,훼손
538,훼손_860.png,훼손
539,훼손_462.png,훼손
540,훼손_587.png,훼손
541,훼손_331.png,훼손
542,훼손_673.png,훼손
543,훼손_1155.png,훼손
544,훼손_341.png,훼손
545,훼손_291.png,훼손
546,훼손_675.png,훼손
547,훼손_385.png,훼손
548,훼손_957.png,훼손
549,훼손_1335.png,훼손
550,훼손_939.png,훼손
551,훼손_1119.png,훼손
552,훼손_267.png,훼손
553,훼손_778.png,훼손
554,훼손_875.png,훼손
555,훼손_849.png,훼손
556,훼손_477.png,훼손
557,훼손_631.png,훼손
558,훼손_609.png,훼손
559,훼손_641.png,훼손
560,훼손_679.png,훼손
561,훼손_1152.png,훼손
562,훼손_255.png,훼손
563,훼손_784.png,훼손
564,훼손_872.png,훼손
565,훼손_1256.png,훼손
566,훼손_494.png,훼손
567,훼손_239.png,훼손
568,훼손_580.png,훼손
569,훼손_756.png,훼손
570,훼손_456.png,훼손
571,훼손_340.png,훼손
572,훼손_363.png,훼손
573,훼손_123.png,훼손
574,훼손_1349.png,훼손
575,훼손_507.png,훼손
576,훼손_920.png,훼손
577,훼손_368.png,훼손
578,훼손_841.png,훼손
579,훼손_1170.png,훼손
580,훼손_1081.png,훼손
581,훼손_233.png,훼손
582,훼손_1110.png,훼손
583,훼손_1232.png,훼손
584,훼손_715.png,훼손
585,훼손_384.png,훼손
586,훼손_295.png,훼손
587,훼손_936.png,훼손
588,훼손_242.png,훼손
589,훼손_101.png,훼손
590,훼손_1350.png,훼손
591,훼손_1357.png,훼손
592,훼손_1150.png,훼손
593,훼손_837.png,훼손
594,훼손_381.png,훼손
595,훼손_234.png,훼손
596,훼손_346.png,훼손
597,훼손_1209.png,훼손
598,훼손_61.png,훼손
599,훼손_831.png,훼손
600,훼손_1066.png,훼손
601,훼손_1055.png,훼손
602,훼손_71.png,훼손
603,훼손_800.png,훼손
604,훼손_1404.png,훼손
605,훼손_828.png,훼손
606,훼손_560.png,훼손
607,훼손_455.png,훼손
608,훼손_754.png,훼손
609,훼손_558.png,훼손
610,훼손_338.png,훼손
611,훼손_591.png,훼손
612,훼손_1182.png,훼손
613,훼손_910.png,훼손
614,훼손_596.png,훼손
615,훼손_1347.png,훼손
616,훼손_1380.png,훼손
617,훼손_47.png,훼손
618,훼손_444.png,훼손
619,훼손_65.png,훼손
620,훼손_890.png,훼손
621,훼손_262.png,훼손
622,훼손_138.png,훼손
623,훼손_762.png,훼손
624,훼손_1321.png,훼손
625,훼손_678.png,훼손
626,훼손_502.png,훼손
627,훼손_563.png,훼손
628,훼손_443.png,훼손
629,훼손_96.png,훼손
630,훼손_854.png,훼손
631,훼손_1069.png,훼손
632,훼손_153.png,훼손
633,훼손_942.png,훼손
634,훼손_1169.png,훼손
635,훼손_785.png,훼손
636,훼손_1343.png,훼손
637,훼손_1361.png,훼손
638,훼손_1148.png,훼손
639,훼손_297.png,훼손
640,훼손_663.png,훼손
641,훼손_611.png,훼손
642,훼손_427.png,훼손
643,훼손_78.png,훼손
644,훼손_895.png,훼손
645,훼손_1390.png,훼손
646,훼손_1005.png,훼손
647,훼손_1094.png,훼손
648,훼손_643.png,훼손
649,훼손_130.png,훼손
650,훼손_744.png,훼손
651,훼손_747.png,훼손
652,훼손_1283.png,훼손
653,훼손_428.png,훼손
654,훼손_1051.png,훼손
655,훼손_786.png,훼손
656,훼손_612.png,훼손
657,훼손_11.png,훼손
658,훼손_996.png,훼손
659,훼손_119.png,훼손
660,훼손_514.png,훼손
661,훼손_495.png,훼손
662,훼손_285.png,훼손
663,훼손_51.png,훼손
664,훼손_1104.png,훼손
665,훼손_1092.png,훼손
666,훼손_362.png,훼손
667,훼손_491.png,훼손
668,훼손_698.png,훼손
669,훼손_396.png,훼손
670,훼손_16.png,훼손
671,훼손_161.png,훼손
672,훼손_238.png,훼손
673,훼손_550.png,훼손
674,훼손_1202.png,훼손
675,훼손_465.png,훼손
676,훼손_1293.png,훼손
677,훼손_178.png,훼손
678,훼손_1174.png,훼손
679,훼손_566.png,훼손
680,훼손_177.png,훼손
681,훼손_287.png,훼손
682,훼손_1010.png,훼손
683,훼손_506.png,훼손
684,훼손_527.png,훼손
685,훼손_1109.png,훼손
686,훼손_589.png,훼손
687,훼손_600.png,훼손
688,훼손_332.png,훼손
689,훼손_917.png,훼손
690,훼손_1314.png,훼손
691,훼손_1112.png,훼손
692,훼손_1025.png,훼손
693,훼손_227.png,훼손
694,훼손_1114.png,훼손
695,훼손_553.png,훼손
696,훼손_866.png,훼손
697,훼손_1098.png,훼손
698,훼손_685.png,훼손
699,훼손_538.png,훼손
700,훼손_551.png,훼손
701,훼손_250.png,훼손
702,훼손_766.png,훼손
703,훼손_17.png,훼손
704,훼손_1258.png,훼손
705,훼손_1006.png,훼손
706,훼손_976.png,훼손
707,훼손_105.png,훼손
708,훼손_978.png,훼손
709,훼손_858.png,훼손
710,훼손_63.png,훼손
711,훼손_1188.png,훼손
712,훼손_1149.png,훼손
713,훼손_21.png,훼손
714,훼손_222.png,훼손
715,훼손_832.png,훼손
716,훼손_55.png,훼손
717,훼손_565.png,훼손
718,훼손_806.png,훼손
719,훼손_412.png,훼손
720,훼손_861.png,훼손
721,훼손_1056.png,훼손
722,훼손_1015.png,훼손
723,훼손_459.png,훼손
724,훼손_102.png,훼손
725,훼손_1373.png,훼손
726,훼손_1147.png,훼손
727,훼손_1344.png,훼손
728,훼손_1346.png,훼손
729,훼손_647.png,훼손
730,훼손_515.png,훼손
731,훼손_1211.png,훼손
732,훼손_1061.png,훼손
733,훼손_949.png,훼손
734,훼손_83.png,훼손
735,훼손_633.png,훼손
736,훼손_324.png,훼손
737,훼손_767.png,훼손
738,훼손_403.png,훼손
739,훼손_410.png,훼손
740,훼손_1137.png,훼손
741,훼손_1197.png,훼손
742,훼손_69.png,훼손
743,훼손_1263.png,훼손
744,훼손_796.png,훼손
745,훼손_805.png,훼손
746,훼손_1078.png,훼손
747,훼손_965.png,훼손
748,훼손_112.png,훼손
749,훼손_316.png,훼손
750,훼손_948.png,훼손
751,훼손_844.png,훼손
752,훼손_562.png,훼손
753,훼손_722.png,훼손
754,훼손_235.png,훼손
755,훼손_1261.png,훼손
756,훼손_326.png,훼손
757,훼손_1239.png,훼손
758,훼손_782.png,훼손
759,훼손_492.png,훼손
760,훼손_296.png,훼손
761,훼손_943.png,훼손
762,훼손_76.png,훼손
763,훼손_286.png,훼손
764,훼손_210.png,훼손
765,훼손_739.png,훼손
766,훼손_992.png,훼손
767,훼손_433.png,훼손
768,훼손_345.png,훼손
769,훼손_475.png,훼손
770,훼손_1303.png,훼손
771,훼손_85.png,훼손
772,훼손_454.png,훼손
773,훼손_371.png,훼손
774,훼손_906.png,훼손
775,훼손_1374.png,훼손
776,훼손_1269.png,훼손
777,훼손_1368.png,훼손
778,훼손_705.png,훼손
779,훼손_430.png,훼손
780,훼손_107.png,훼손
781,훼손_598.png,훼손
782,훼손_734.png,훼손
783,훼손_508.png,훼손
784,훼손_668.png,훼손
785,훼손_857.png,훼손
786,훼손_57.png,훼손
787,훼손_1133.png,훼손
788,훼손_1369.png,훼손
789,훼손_58.png,훼손
790,훼손_148.png,훼손
791,훼손_962.png,훼손
792,훼손_524.png,훼손
793,훼손_59.png,훼손
794,훼손_308.png,훼손
795,훼손_909.png,훼손
796,훼손_1036.png,훼손
797,훼손_134.png,훼손
798,훼손_1100.png,훼손
799,훼손_964.png,훼손
800,훼손_1298.png,훼손
801,훼손_1270.png,훼손
802,훼손_68.png,훼손
803,훼손_1200.png,훼손
804,훼손_348.png,훼손
805,훼손_1383.png,훼손
806,훼손_1299.png,훼손
807,훼손_187.png,훼손
808,훼손_1220.png,훼손
809,훼손_408.png,훼손
810,훼손_534.png,훼손
811,훼손_1072.png,훼손
812,훼손_202.png,훼손
813,훼손_181.png,훼손
814,훼손_1160.png,훼손
815,훼손_1345.png,훼손
816,훼손_1231.png,훼손
817,훼손_645.png,훼손
818,훼손_855.png,훼손
819,훼손_750.png,훼손
820,훼손_1342.png,훼손
821,훼손_184.png,훼손
822,훼손_438.png,훼손
823,훼손_19.png,훼손
824,훼손_343.png,훼손
825,훼손_969.png,훼손
826,훼손_300.png,훼손
827,훼손_903.png,훼손
828,훼손_1353.png,훼손
829,훼손_458.png,훼손
830,훼손_397.png,훼손
831,훼손_229.png,훼손
832,훼손_108.png,훼손
833,훼손_1014.png,훼손
834,훼손_792.png,훼손
835,훼손_1286.png,훼손
836,훼손_882.png,훼손
837,훼손_278.png,훼손
838,훼손_26.png,훼손
839,훼손_743.png,훼손
840,훼손_162.png,훼손
841,훼손_416.png,훼손
842,훼손_1179.png,훼손
843,훼손_1091.png,훼손
844,훼손_251.png,훼손
845,훼손_60.png,훼손
846,훼손_821.png,훼손
847,훼손_898.png,훼손
848,훼손_607.png,훼손
849,훼손_511.png,훼손
850,훼손_404.png,훼손
851,훼손_467.png,훼손
852,훼손_115.png,훼손
853,훼손_533.png,훼손
854,훼손_117.png,훼손
855,훼손_951.png,훼손
856,훼손_759.png,훼손
857,훼손_43.png,훼손
858,훼손_972.png,훼손
859,훼손_269.png,훼손
860,훼손_27.png,훼손
861,훼손_1325.png,훼손
862,훼손_5.png,훼손
863,훼손_838.png,훼손
864,훼손_1044.png,훼손
865,훼손_933.png,훼손
866,훼손_790.png,훼손
867,훼손_517.png,훼손
868,훼손_878.png,훼손
869,훼손_270.png,훼손
870,훼손_788.png,훼손
871,훼손_1307.png,훼손
872,훼손_1203.png,훼손
873,훼손_116.png,훼손
874,훼손_23.png,훼손
875,훼손_999.png,훼손
876,훼손_1004.png,훼손
877,훼손_616.png,훼손
878,훼손_1320.png,훼손
879,훼손_253.png,훼손
880,훼손_997.png,훼손
881,훼손_169.png,훼손
882,훼손_1262.png,훼손
883,훼손_280.png,훼손
884,훼손_1141.png,훼손
885,훼손_37.png,훼손
886,훼손_879.png,훼손
887,훼손_64.png,훼손
888,훼손_751.png,훼손
889,훼손_489.png,훼손
890,훼손_1243.png,훼손
891,훼손_817.png,훼손
892,훼손_512.png,훼손
893,훼손_570.png,훼손
894,훼손_1329.png,훼손
895,훼손_500.png,훼손
896,훼손_501.png,훼손
897,훼손_445.png,훼손
898,훼손_1032.png,훼손
899,훼손_247.png,훼손
900,훼손_89.png,훼손
901,훼손_692.png,훼손
902,훼손_664.png,훼손
903,훼손_1052.png,훼손
904,훼손_106.png,훼손
905,훼손_149.png,훼손
906,훼손_1235.png,훼손
907,훼손_54.png,훼손
908,훼손_742.png,훼손
909,훼손_41.png,훼손
910,훼손_947.png,훼손
911,훼손_320.png,훼손
912,훼손_200.png,훼손
913,훼손_1021.png,훼손
914,훼손_435.png,훼손
915,훼손_1249.png,훼손
916,훼손_671.png,훼손
917,훼손_1082.png,훼손
918,훼손_865.png,훼손
919,훼손_194.png,훼손
920,훼손_327.png,훼손
921,훼손_266.png,훼손
922,훼손_520.png,훼손
923,훼손_1144.png,훼손
924,훼손_503.png,훼손
925,훼손_1221.png,훼손
926,훼손_1178.png,훼손
927,훼손_14.png,훼손
928,훼손_424.png,훼손
929,훼손_1319.png,훼손
930,훼손_150.png,훼손
931,훼손_665.png,훼손
932,훼손_1287.png,훼손
933,훼손_542.png,훼손
934,훼손_583.png,훼손
935,훼손_1168.png,훼손
936,훼손_1281.png,훼손
937,훼손_128.png,훼손
938,훼손_199.png,훼손
939,훼손_674.png,훼손
940,훼손_1337.png,훼손
941,훼손_322.png,훼손
942,훼손_481.png,훼손
943,훼손_640.png,훼손
944,훼손_930.png,훼손
945,훼손_1371.png,훼손
946,훼손_887.png,훼손
947,훼손_170.png,훼손
948,훼손_864.png,훼손
949,훼손_818.png,훼손
950,훼손_1222.png,훼손
951,훼손_398.png,훼손
952,훼손_315.png,훼손
953,훼손_613.png,훼손
954,훼손_567.png,훼손
955,훼손_257.png,훼손
956,훼손_298.png,훼손
957,훼손_921.png,훼손
958,훼손_212.png,훼손
959,훼손_1238.png,훼손
960,훼손_654.png,훼손
961,훼손_1192.png,훼손
962,훼손_626.png,훼손
963,훼손_223.png,훼손
964,훼손_1020.png,훼손
965,훼손_484.png,훼손
966,훼손_801.png,훼손
967,훼손_959.png,훼손
968,훼손_113.png,훼손
969,훼손_125.png,훼손
970,훼손_892.png,훼손
971,훼손_18.png,훼손
972,훼손_111.png,훼손
973,훼손_1124.png,훼손
974,훼손_789.png,훼손
975,훼손_981.png,훼손
976,훼손_196.png,훼손
977,훼손_1207.png,훼손
978,훼손_30.png,훼손
979,훼손_793.png,훼손
980,훼손_1387.png,훼손
981,훼손_152.png,훼손
982,훼손_549.png,훼손
983,훼손_86.png,훼손
984,훼손_925.png,훼손
985,훼손_989.png,훼손
986,훼손_1.png,훼손
987,훼손_156.png,훼손
988,훼손_1247.png,훼손
989,훼손_624.png,훼손
990,훼손_1102.png,훼손
991,훼손_463.png,훼손
992,훼손_775.png,훼손
993,훼손_323.png,훼손
994,훼손_1003.png,훼손
995,훼손_765.png,훼손
996,훼손_557.png,훼손
997,훼손_175.png,훼손
998,훼손_1305.png,훼손
999,훼손_1315.png,훼손
1000,훼손_191.png,훼손
1001,훼손_328.png,훼손
1002,훼손_559.png,훼손
1003,훼손_1285.png,훼손
1004,훼손_1167.png,훼손
1005,훼손_289.png,훼손
1006,훼손_420.png,훼손
1007,훼손_299.png,훼손
1008,훼손_275.png,훼손
1009,훼손_719.png,훼손
1010,훼손_1356.png,훼손
1011,훼손_469.png,훼손
1012,훼손_1128.png,훼손
1013,훼손_1024.png,훼손
1014,훼손_364.png,훼손
1015,훼손_333.png,훼손
1016,훼손_353.png,훼손
1017,훼손_1259.png,훼손
1018,훼손_652.png,훼손
1019,훼손_888.png,훼손
1020,훼손_171.png,훼손
1021,훼손_728.png,훼손
1022,훼손_851.png,훼손
1023,훼손_1253.png,훼손
1024,훼손_1352.png,훼손
1025,훼손_916.png,훼손
1026,훼손_211.png,훼손
1027,훼손_1191.png,훼손
1028,훼손_110.png,훼손
1029,훼손_1396.png,훼손
1030,훼손_521.png,훼손
1031,훼손_990.png,훼손
1032,훼손_825.png,훼손
1033,훼손_1079.png,훼손
1034,훼손_716.png,훼손
1035,훼손_1403.png,훼손
1036,훼손_1375.png,훼손
1037,훼손_1058.png,훼손
1038,훼손_33.png,훼손
1039,훼손_625.png,훼손
1040,훼손_292.png,훼손
1041,훼손_42.png,훼손
1042,훼손_1276.png,훼손
1043,훼손_632.png,훼손
1044,훼손_1080.png,훼손
1045,훼손_941.png,훼손
1046,훼손_120.png,훼손
1047,훼손_307.png,훼손
1048,훼손_1275.png,훼손
1049,훼손_617.png,훼손
1050,훼손_543.png,훼손
1051,훼손_283.png,훼손
1052,훼손_1266.png,훼손
1053,훼손_400.png,훼손
1054,훼손_870.png,훼손
1055,훼손_256.png,훼손
1056,훼손_915.png,훼손
1057,훼손_39.png,훼손
1058,훼손_367.png,훼손
1059,훼손_1245.png,훼손
1060,훼손_72.png,훼손
1061,훼손_1316.png,훼손
1062,훼손_448.png,훼손
1063,훼손_493.png,훼손
1064,훼손_1278.png,훼손
1065,훼손_835.png,훼손
1066,훼손_1162.png,훼손
1067,훼손_1033.png,훼손
1068,훼손_799.png,훼손
1069,훼손_822.png,훼손
1070,훼손_816.png,훼손
1071,훼손_245.png,훼손
1072,훼손_294.png,훼손
1073,훼손_249.png,훼손
1074,훼손_1121.png,훼손
1075,훼손_313.png,훼손
1076,훼손_1208.png,훼손
1077,훼손_699.png,훼손
1078,훼손_46.png,훼손
1079,훼손_28.png,훼손
1080,훼손_934.png,훼손
1081,훼손_272.png,훼손
1082,훼손_783.png,훼손
1083,훼손_264.png,훼손
1084,훼손_1397.png,훼손
1085,훼손_1063.png,훼손
1086,훼손_1126.png,훼손
1087,훼손_848.png,훼손
1088,훼손_236.png,훼손
1089,훼손_730.png,훼손
1090,훼손_75.png,훼손
1091,훼손_627.png,훼손
1092,훼손_392.png,훼손
1093,훼손_608.png,훼손
1094,훼손_318.png,훼손
1095,훼손_473.png,훼손
1096,훼손_182.png,훼손
1097,훼손_938.png,훼손
1098,훼손_545.png,훼손
1099,훼손_9.png,훼손
1100,훼손_1400.png,훼손
1101,훼손_513.png,훼손
1102,훼손_306.png,훼손
1103,훼손_434.png,훼손
1104,훼손_1252.png,훼손
1105,훼손_1398.png,훼손
1106,훼손_746.png,훼손
1107,훼손_1324.png,훼손
1108,훼손_1224.png,훼손
1109,훼손_301.png,훼손
1110,훼손_1323.png,훼손
1111,훼손_109.png,훼손
1112,훼손_1097.png,훼손
1113,훼손_1341.png,훼손
1114,훼손_142.png,훼손
1115,훼손_154.png,훼손
1116,훼손_605.png,훼손
1117,훼손_1122.png,훼손
1118,훼손_772.png,훼손
1119,훼손_980.png,훼손
1120,훼손_1045.png,훼손
1121,훼손_926.png,훼손
1122,훼손_718.png,훼손
1123,훼손_36.png,훼손
1124,훼손_131.png,훼손
1125,훼손_180.png,훼손
1126,훼손_174.png,훼손
1127,훼손_377.png,훼손
1128,훼손_763.png,훼손
1129,훼손_1385.png,훼손
1130,훼손_659.png,훼손
1131,훼손_163.png,훼손
1132,훼손_1173.png,훼손
1133,훼손_1244.png,훼손
1134,훼손_87.png,훼손
1135,훼손_4.png,훼손
1136,훼손_843.png,훼손
1137,훼손_1054.png,훼손
1138,훼손_29.png,훼손
1139,훼손_401.png,훼손
1140,훼손_629.png,훼손
1141,훼손_1267.png,훼손
1142,훼손_451.png,훼손
1143,훼손_1332.png,훼손
1144,훼손_931.png,훼손
1145,훼손_8.png,훼손
1146,훼손_523.png,훼손
1147,훼손_1034.png,훼손
1148,훼손_697.png,훼손
1149,훼손_237.png,훼손
1150,훼손_961.png,훼손
1151,훼손_407.png,훼손
1152,훼손_1362.png,훼손
1153,훼손_1039.png,훼손
1154,훼손_532.png,훼손
1155,훼손_1031.png,훼손
1156,훼손_667.png,훼손
1157,훼손_840.png,훼손
1158,훼손_432.png,훼손
1159,훼손_244.png,훼손
1160,훼손_1130.png,훼손
1161,훼손_839.png,훼손
1162,훼손_1237.png,훼손
1163,훼손_880.png,훼손
1164,훼손_499.png,훼손
1165,훼손_752.png,훼손
1166,훼손_735.png,훼손
1167,훼손_305.png,훼손
1168,훼손_310.png,훼손
1169,훼손_894.png,훼손
1170,훼손_321.png,훼손
1171,훼손_50.png,훼손
1172,훼손_22.png,훼손
1173,훼손_995.png,훼손
1174,훼손_630.png,훼손
1175,훼손_141.png,훼손
1176,훼손_1117.png,훼손
1177,훼손_457.png,훼손
1178,훼손_727.png,훼손
1179,훼손_955.png,훼손
1180,훼손_482.png,훼손
1181,훼손_1340.png,훼손
1182,훼손_1067.png,훼손
1183,훼손_347.png,훼손
1184,훼손_1273.png,훼손
1185,훼손_1326.png,훼손
1186,훼손_164.png,훼손
1187,훼손_537.png,훼손
1188,훼손_522.png,훼손
1189,훼손_862.png,훼손
1190,훼손_541.png,훼손
1191,훼손_1000.png,훼손
1192,훼손_603.png,훼손
1193,훼손_1225.png,훼손
1194,훼손_1157.png,훼손
1195,훼손_461.png,훼손
1196,훼손_186.png,훼손
1197,훼손_217.png,훼손
1198,훼손_418.png,훼손
1199,훼손_984.png,훼손
1200,훼손_1043.png,훼손
1201,훼손_1301.png,훼손
1202,훼손_334.png,훼손
1203,훼손_1308.png,훼손
1204,훼손_1395.png,훼손
1205,훼손_876.png,훼손
1206,훼손_303.png,훼손
1207,훼손_1228.png,훼손
1208,훼손_452.png,훼손
1209,훼손_1226.png,훼손
1210,훼손_935.png,훼손
1211,훼손_912.png,훼손
1212,훼손_546.png,훼손
1213,훼손_777.png,훼손
1214,훼손_554.png,훼손
1215,훼손_1242.png,훼손
1216,훼손_1183.png,훼손
1217,훼손_259.png,훼손
1218,훼손_1254.png,훼손
1219,훼손_967.png,훼손
1220,훼손_644.png,훼손
1221,훼손_669.png,훼손
1222,훼손_145.png,훼손
1223,훼손_118.png,훼손
1224,훼손_1304.png,훼손
1225,훼손_470.png,훼손
1226,훼손_1250.png,훼손
1227,훼손_207.png,훼손
1228,훼손_1026.png,훼손
1229,훼손_688.png,훼손
1230,훼손_588.png,훼손
1231,훼손_1333.png,훼손
1232,훼손_682.png,훼손
1233,훼손_288.png,훼손
1234,훼손_1313.png,훼손
1235,훼손_52.png,훼손
1236,훼손_927.png,훼손
1237,훼손_919.png,훼손
1238,훼손_1376.png,훼손
1239,훼손_136.png,훼손
1240,훼손_1322.png,훼손
1241,훼손_802.png,훼손
1242,훼손_1372.png,훼손
1243,훼손_924.png,훼손
1244,훼손_982.png,훼손
1245,훼손_544.png,훼손
1246,훼손_221.png,훼손
1247,훼손_218.png,훼손
1248,훼손_1393.png,훼손
1249,훼손_1201.png,훼손
1250,훼손_850.png,훼손
1251,훼손_658.png,훼손
1252,훼손_325.png,훼손
1253,훼손_314.png,훼손
1254,훼손_151.png,훼손
1255,훼손_446.png,훼손
1256,훼손_993.png,훼손
1257,훼손_681.png,훼손
1258,훼손_441.png,훼손
1259,훼손_720.png,훼손
1260,훼손_190.png,훼손
1261,훼손_815.png,훼손
1262,훼손_1277.png,훼손
1263,훼손_717.png,훼손
1264,훼손_168.png,훼손
1265,훼손_581.png,훼손
1266,훼손_1236.png,훼손
1267,훼손_1090.png,훼손
1268,훼손_1394.png,훼손
1269,훼손_282.png,훼손
1270,훼손_1193.png,훼손
1271,훼손_1118.png,훼손
1272,훼손_985.png,훼손
1273,훼손_1138.png,훼손
1274,훼손_409.png,훼손
1275,훼손_1047.png,훼손
1276,훼손_610.png,훼손
1277,훼손_220.png,훼손
1278,훼손_386.png,훼손
1279,훼손_201.png,훼손
1280,훼손_0.png,훼손
1281,훼손_1217.png,훼손
1282,훼손_1116.png,훼손
1283,훼손_556.png,훼손
1284,훼손_471.png,훼손
1285,훼손_753.png,훼손
1286,훼손_1053.png,훼손
1287,훼손_147.png,훼손
1288,훼손_370.png,훼손
1289,훼손_1123.png,훼손
1290,훼손_95.png,훼손
1291,훼손_1050.png,훼손
1292,훼손_104.png,훼손
1293,훼손_143.png,훼손
1294,훼손_776.png,훼손
1295,훼손_45.png,훼손
1296,훼손_225.png,훼손
1297,훼손_399.png,훼손
1298,훼손_1218.png,훼손
1299,훼손_254.png,훼손
1300,훼손_373.png,훼손
1301,훼손_215.png,훼손
1302,훼손_561.png,훼손
1303,훼손_740.png,훼손
1304,훼손_657.png,훼손
1305,훼손_7.png,훼손
1306,훼손_1135.png,훼손
1307,훼손_1103.png,훼손
1308,훼손_411.png,훼손
1309,훼손_1392.png,훼손
1310,훼손_874.png,훼손
1311,훼손_768.png,훼손
1312,훼손_1172.png,훼손
1313,훼손_1085.png,훼손
1314,훼손_1042.png,훼손
1315,훼손_144.png,훼손
1316,훼손_92.png,훼손
1317,훼손_159.png,훼손
1318,훼손_519.png,훼손
1319,훼손_1101.png,훼손
1320,훼손_1019.png,훼손
1321,훼손_606.png,훼손
1322,훼손_1289.png,훼손
1323,훼손_937.png,훼손
1324,훼손_922.png,훼손
1325,훼손_1219.png,훼손
1326,훼손_1022.png,훼손
1327,훼손_1194.png,훼손
1328,훼손_304.png,훼손
1329,훼손_954.png,훼손
1330,훼손_88.png,훼손
1331,훼손_755.png,훼손
1332,훼손_1272.png,훼손
1333,훼손_155.png,훼손
1334,훼손_330.png,훼손
1335,훼손_1187.png,훼손
1336,훼손_20.png,훼손
1337,훼손_450.png,훼손
1338,훼손_350.png,훼손
1339,훼손_661.png,훼손
1340,훼손_206.png,훼손
1341,훼손_1227.png,훼손
1342,훼손_1166.png,훼손
1343,훼손_226.png,훼손
1344,훼손_1195.png,훼손
1345,훼손_547.png,훼손
1346,훼손_634.png,훼손
1347,훼손_983.png,훼손
1348,훼손_472.png,훼손
1349,훼손_3.png,훼손
1350,훼손_483.png,훼손
1351,훼손_672.png,훼손
1352,훼손_216.png,훼손
1353,훼손_173.png,훼손
1354,훼손_1205.png,훼손
1355,훼손_379.png,훼손
1356,훼손_1076.png,훼손
1357,훼손_442.png,훼손
1358,훼손_987.png,훼손
1359,훼손_897.png,훼손
1360,훼손_738.png,훼손
1361,훼손_757.png,훼손
1362,훼손_780.png,훼손
1363,훼손_1001.png,훼손
1364,훼손_691.png,훼손
1365,훼손_902.png,훼손
1366,훼손_1240.png,훼손
1367,훼손_726.png,훼손
1368,훼손_1294.png,훼손
1369,훼손_618.png,훼손
1370,훼손_820.png,훼손
1371,훼손_419.png,훼손
1372,훼손_1040.png,훼손
1373,훼손_638.png,훼손
1374,훼손_274.png,훼손
1375,훼손_693.png,훼손
1376,훼손_516.png,훼손
1377,훼손_49.png,훼손
1378,훼손_769.png,훼손
1379,훼손_1302.png,훼손
1380,훼손_953.png,훼손
1381,훼손_329.png,훼손
1382,훼손_389.png,훼손
1383,훼손_628.png,훼손
1384,훼손_998.png,훼손
1385,훼손_228.png,훼손
1386,훼손_810.png,훼손
1387,훼손_67.png,훼손
1388,훼손_319.png,훼손
1389,훼손_339.png,훼손
1390,훼손_279.png,훼손
1391,훼손_498.png,훼손
1392,훼손_745.png,훼손
1393,훼손_422.png,훼손
1394,훼손_771.png,훼손
1395,훼손_25.png,훼손
1396,훼손_649.png,훼손
1397,훼손_988.png,훼손
1398,훼손_423.png,훼손
1399,훼손_1176.png,훼손
1400,훼손_158.png,훼손
1401,훼손_421.png,훼손
1402,훼손_712.png,훼손
1403,훼손_695.png,훼손
1404,훼손_1074.png,훼손
1405,훼손_1017.png,훼손
1406,훼손_724.png,훼손
1407,훼손_946.png,훼손
1408,훼손_1041.png,훼손
1409,훼손_496.png,훼손
1410,훼손_1139.png,훼손
1411,훼손_525.png,훼손
1412,훼손_760.png,훼손
1413,훼손_834.png,훼손
1414,훼손_687.png,훼손
1415,훼손_1023.png,훼손
1416,훼손_449.png,훼손
1417,훼손_571.png,훼손
1418,훼손_1018.png,훼손
1419,훼손_1154.png,훼손
1420,훼손_1216.png,훼손
1421,훼손_1046.png,훼손
1422,훼손_1027.png,훼손
1423,훼손_394.png,훼손
1424,훼손_958.png,훼손
1425,훼손_677.png,훼손
1426,훼손_44.png,훼손
1427,훼손_819.png,훼손
1428,훼손_40.png,훼손
1429,훼손_539.png,훼손
1430,훼손_1381.png,훼손
1431,훼손_1186.png,훼손
1432,훼손_764.png,훼손
1433,훼손_1300.png,훼손
1434,훼손_710.png,훼손
1435,훼손_1330.png,훼손
1436,훼손_811.png,훼손
1437,훼손_781.png,훼손
1438,훼손_601.png,훼손
1439,훼손_648.png,훼손
1440,훼손_847.png,훼손
1441,훼손_1317.png,훼손
1442,훼손_1028.png,훼손
1443,훼손_263.png,훼손
1444,훼손_971.png,훼손
1445,훼손_1354.png,훼손
1446,훼손_891.png,훼손
1447,훼손_829.png,훼손
1448,훼손_794.png,훼손
1449,훼손_642.png,훼손
1450,훼손_564.png,훼손
1451,훼손_413.png,훼손
1452,훼손_733.png,훼손
1453,훼손_602.png,훼손
1454,훼손_1107.png,훼손
1455,훼손_1311.png,훼손
1456,훼손_868.png,훼손
1457,훼손_929.png,훼손
1458,훼손_415.png,훼손
1459,훼손_721.png,훼손
1460,훼손_137.png,훼손
1461,훼손_378.png,훼손
1462,훼손_593.png,훼손
1463,훼손_651.png,훼손
1464,훼손_639.png,훼손
1465,훼손_10.png,훼손
1466,훼손_1366.png,훼손
1467,훼손_907.png,훼손
1468,훼손_977.png,훼손
1469,훼손_369.png,훼손
1470,훼손_382.png,훼손
1471,훼손_1083.png,훼손
1472,훼손_623.png,훼손
1473,훼손_290.png,훼손
1474,훼손_453.png,훼손
1475,훼손_1196.png,훼손
1476,훼손_867.png,훼손
1477,훼손_349.png,훼손
1478,훼손_53.png,훼손
1479,훼손_950.png,훼손
1480,훼손_703.png,훼손
1481,훼손_585.png,훼손
1482,훼손_590.png,훼손
1483,훼손_357.png,훼손
1484,훼손_281.png,훼손
1485,훼손_578.png,훼손
1486,훼손_98.png,훼손
1487,훼손_440.png,훼손
1488,훼손_1364.png,훼손
1489,훼손_1401.png,훼손
1490,훼손_1064.png,훼손
1491,훼손_1248.png,훼손
1492,훼손_31.png,훼손
1493,훼손_1318.png,훼손
1494,훼손_526.png,훼손
1495,훼손_1113.png,훼손
1496,훼손_1336.png,훼손
1497,훼손_1284.png,훼손
1498,훼손_729.png,훼손
1499,훼손_569.png,훼손
1500,훼손_1153.png,훼손
1501,훼손_1136.png,훼손
1502,훼손_708.png,훼손
1503,훼손_1310.png,훼손
1504,훼손_684.png,훼손
1505,훼손_709.png,훼손
1506,훼손_375.png,훼손
1507,훼손_877.png,훼손
1508,훼손_1328.png,훼손
1509,훼손_896.png,훼손
1510,훼손_905.png,훼손
1511,훼손_702.png,훼손
1512,훼손_1156.png,훼손
1513,훼손_466.png,훼손
1514,훼손_824.png,훼손
1515,훼손_509.png,훼손
1516,훼손_863.png,훼손
1517,훼손_179.png,훼손
1518,훼손_1213.png,훼손
1519,훼손_1125.png,훼손
1520,훼손_904.png,훼손
1521,훼손_1295.png,훼손
1522,훼손_195.png,훼손
1523,훼손_406.png,훼손
1524,훼손_646.png,훼손
1525,훼손_193.png,훼손
1526,훼손_1151.png,훼손
1527,훼손_391.png,훼손
1528,훼손_276.png,훼손
1529,훼손_66.png,훼손
1530,훼손_812.png,훼손
1531,훼손_994.png,훼손
1532,훼손_528.png,훼손
1533,훼손_1088.png,훼손
1534,훼손_599.png,훼손
1535,훼손_165.png,훼손
1536,훼손_731.png,훼손
1537,훼손_706.png,훼손
1538,훼손_265.png,훼손
1539,훼손_127.png,훼손
1540,훼손_1388.png,훼손
1541,훼손_360.png,훼손
1542,훼손_1008.png,훼손
1543,훼손_1264.png,훼손
1544,훼손_899.png,훼손
1545,훼손_1132.png,훼손
1546,훼손_388.png,훼손
1547,훼손_231.png,훼손
1548,훼손_845.png,훼손
1549,훼손_79.png,훼손
1550,훼손_592.png,훼손
1551,훼손_637.png,훼손
1552,훼손_84.png,훼손
1553,훼손_426.png,훼손
1554,훼손_38.png,훼손
1555,훼손_93.png,훼손
1556,훼손_655.png,훼손
1557,훼손_1180.png,훼손
1558,훼손_372.png,훼손
1559,훼손_1087.png,훼손
1560,훼손_683.png,훼손
1561,훼손_351.png,훼손
1562,훼손_1073.png,훼손
1563,훼손_653.png,훼손
1564,훼손_1338.png,훼손
1565,훼손_100.png,훼손
1566,훼손_261.png,훼손
1567,훼손_711.png,훼손
1568,훼손_1351.png,훼손
1569,훼손_1011.png,훼손
1570,훼손_48.png,훼손
1571,훼손_387.png,훼손
1572,훼손_126.png,훼손
1573,훼손_1255.png,훼손
1574,훼손_219.png,훼손
1575,훼손_1062.png,훼손
1576,훼손_836.png,훼손
1577,훼손_893.png,훼손
1578,훼손_1190.png,훼손
1579,훼손_670.png,훼손
1580,훼손_232.png,훼손
1581,훼손_510.png,훼손
1582,훼손_584.png,훼손
1583,훼손_243.png,훼손
1584,훼손_204.png,훼손
1585,훼손_1280.png,훼손
1586,훼손_540.png,훼손
1587,훼손_960.png,훼손
1588,훼손_852.png,훼손
1589,훼손_429.png,훼손
1590,훼손_1223.png,훼손
1591,훼손_923.png,훼손
1592,훼손_1158.png,훼손
1593,훼손_573.png,훼손
1594,훼손_1384.png,훼손
1595,훼손_803.png,훼손
1596,훼손_488.png,훼손
1597,훼손_1363.png,훼손
1598,훼손_529.png,훼손
1599,훼손_1029.png,훼손
1600,훼손_871.png,훼손
1601,훼손_99.png,훼손
1602,훼손_1140.png,훼손
1603,훼손_414.png,훼손
1604,훼손_737.png,훼손
1605,훼손_741.png,훼손
1606,훼손_1146.png,훼손
1607,훼손_82.png,훼손
1608,훼손_635.png,훼손
1609,훼손_856.png,훼손
1610,훼손_1159.png,훼손
1611,훼손_1111.png,훼손
1612,훼손_1086.png,훼손
1613,훼손_536.png,훼손
1614,훼손_604.png,훼손
1615,훼손_883.png,훼손
1616,훼손_383.png,훼손
1617,훼손_1271.png,훼손
1618,훼손_908.png,훼손
1619,훼손_974.png,훼손
1620,훼손_885.png,훼손
1621,훼손_1099.png,훼손
1622,훼손_804.png,훼손
1623,훼손_1355.png,훼손
1624,훼손_1367.png,훼손
1625,훼손_32.png,훼손
1626,훼손_636.png,훼손
1627,훼손_317.png,훼손
1628,훼손_166.png,훼손
1629,훼손_129.png,훼손
1630,훼손_1181.png,훼손
1631,훼손_80.png,훼손
1632,훼손_1241.png,훼손
1633,훼손_552.png,훼손
1634,훼손_258.png,훼손
1635,훼손_133.png,훼손
1636,훼손_380.png,훼손
1637,훼손_1359.png,훼손
1638,훼손_1306.png,훼손
1639,훼손_700.png,훼손
1640,훼손_395.png,훼손
1641,훼손_121.png,훼손
1642,훼손_74.png,훼손
1643,훼손_241.png,훼손
1644,훼손_1038.png,훼손
1645,훼손_1291.png,훼손
1646,훼손_146.png,훼손
1647,훼손_271.png,훼손
1648,훼손_881.png,훼손
1649,훼손_1143.png,훼손
1650,훼손_208.png,훼손
1651,훼손_809.png,훼손
1652,훼손_336.png,훼손
1653,훼손_823.png,훼손
1654,훼손_1089.png,훼손
1655,훼손_1060.png,훼손
1656,훼손_901.png,훼손
1657,훼손_15.png,훼손
1658,훼손_732.png,훼손
1659,훼손_1049.png,훼손
1660,훼손_1071.png,훼손
1661,훼손_358.png,훼손
1662,훼손_172.png,훼손
1663,훼손_579.png,훼손
1664,훼손_791.png,훼손
1665,훼손_1234.png,훼손
1666,훼손_1184.png,훼손
1667,훼손_70.png,훼손
1668,훼손_365.png,훼손
1669,훼손_90.png,훼손
1670,훼손_1198.png,훼손
1671,훼손_1296.png,훼손
1672,훼손_1257.png,훼손
1673,훼손_574.png,훼손
1674,훼손_830.png,훼손
1675,훼손_268.png,훼손
1676,훼손_1142.png,훼손
1677,훼손_932.png,훼손
1678,훼손_620.png,훼손
1679,훼손_1233.png,훼손
1680,훼손_1171.png,훼손
1681,훼손_833.png,훼손
1682,훼손_889.png,훼손
1683,훼손_91.png,훼손
1684,훼손_956.png,훼손
1685,훼손_686.png,훼손
1686,훼손_966.png,훼손
1687,훼손_758.png,훼손
1688,훼손_1229.png,훼손
1689,훼손_1077.png,훼손
1690,훼손_1386.png,훼손
1691,훼손_302.png,훼손
1692,훼손_723.png,훼손
1693,훼손_1348.png,훼손
1694,훼손_859.png,훼손
1695,훼손_1378.png,훼손
1696,훼손_595.png,훼손
1697,훼손_1288.png,훼손
1698,훼손_798.png,훼손
1699,훼손_417.png,훼손
1700,훼손_311.png,훼손
1701,훼손_650.png,훼손
1702,훼손_1048.png,훼손
1703,훼손_376.png,훼손
1704,훼손_13.png,훼손
1705,훼손_1177.png,훼손
1706,훼손_1068.png,훼손
1707,훼손_402.png,훼손
1708,훼손_230.png,훼손
1709,훼손_900.png,훼손
1710,훼손_183.png,훼손
1711,훼손_1105.png,훼손
1712,훼손_77.png,훼손
1713,훼손_139.png,훼손
1714,훼손_1379.png,훼손
1715,훼손_1292.png,훼손
1716,훼손_707.png,훼손
1717,훼손_797.png,훼손
1718,훼손_807.png,훼손
1719,훼손_1365.png,훼손
1720,훼손_814.png,훼손
1721,훼손_1399.png,훼손
1722,훼손_555.png,훼손
1723,훼손_944.png,훼손
1724,훼손_2.png,훼손
1725,훼손_1204.png,훼손
1726,훼손_1206.png,훼손
1727,훼손_504.png,훼손
1728,훼손_918.png,훼손
1729,훼손_6.png,훼손
1730,훼손_1115.png,훼손
1731,훼손_1013.png,훼손
1732,훼손_35.png,훼손
1733,훼손_577.png,훼손
1734,훼손_530.png,훼손
1735,훼손_374.png,훼손
1736,훼손_487.png,훼손
1737,훼손_24.png,훼손
1738,훼손_1290.png,훼손
1739,훼손_1120.png,훼손
1740,훼손_56.png,훼손
1741,훼손_309.png,훼손
1742,훼손_1370.png,훼손
1743,훼손_1108.png,훼손
1744,훼손_205.png,훼손
1745,훼손_1377.png,훼손
1746,훼손_1007.png,훼손
1747,훼손_548.png,훼손
1748,훼손_979.png,훼손
1749,훼손_405.png,훼손
1750,훼손_361.png,훼손
1751,훼손_1189.png,훼손
1752,훼손_615.png,훼손
1753,훼손_1402.png,훼손
1754,훼손_594.png,훼손
1755,훼손_1145.png,훼손
1756,훼손_293.png,훼손
1757,훼손_246.png,훼손
1758,훼손_1331.png,훼손
1759,훼손_352.png,훼손
1760,훼손_714.png,훼손
1761,훼손_1265.png,훼손
1762,훼손_1059.png,훼손
1763,훼손_725.png,훼손
1764,훼손_975.png,훼손
1765,훼손_1312.png,훼손
1766,훼손_1339.png,훼손
1767,훼손_597.png,훼손
1768,훼손_704.png,훼손
1769,훼손_393.png,훼손
1770,훼손_1161.png,훼손
1771,훼손_952.png,훼손
1772,훼손_846.png,훼손
1773,훼손_568.png,훼손
1774,훼손_252.png,훼손
1775,훼손_973.png,훼손
1776,훼손_124.png,훼손
1777,훼손_160.png,훼손
1778,훼손_1164.png,훼손
1779,훼손_214.png,훼손
1780,훼손_478.png,훼손
1781,훼손_284.png,훼손
1782,훼손_1391.png,훼손
1783,훼손_486.png,훼손
1784,훼손_795.png,훼손
1785,훼손_1210.png,훼손
1786,훼손_940.png,훼손
1787,훼손_535.png,훼손
1788,훼손_198.png,훼손
1789,훼손_576.png,훼손
1790,훼손_1012.png,훼손
1791,훼손_157.png,훼손
1792,훼손_337.png,훼손
1793,오타공_135.png,오타공
1794,오타공_81.png,오타공
1795,오타공_122.png,오타공
1796,오타공_94.png,오타공
1797,오타공_34.png,오타공
1798,오타공_62.png,오타공
1799,오타공_114.png,오타공
1800,오타공_132.png,오타공
1801,오타공_140.png,오타공
1802,오타공_12.png,오타공
1803,오타공_103.png,오타공
1804,오타공_97.png,오타공
1805,오타공_73.png,오타공
1806,오타공_123.png,오타공
1807,오타공_101.png,오타공
1808,오타공_61.png,오타공
1809,오타공_71.png,오타공
1810,오타공_47.png,오타공
1811,오타공_65.png,오타공
1812,오타공_138.png,오타공
1813,오타공_96.png,오타공
1814,오타공_78.png,오타공
1815,오타공_130.png,오타공
1816,오타공_11.png,오타공
1817,오타공_119.png,오타공
1818,오타공_51.png,오타공
1819,오타공_16.png,오타공
1820,오타공_17.png,오타공
1821,오타공_105.png,오타공
1822,오타공_63.png,오타공
1823,오타공_21.png,오타공
1824,오타공_55.png,오타공
1825,오타공_102.png,오타공
1826,오타공_83.png,오타공
1827,오타공_69.png,오타공
1828,오타공_112.png,오타공
1829,오타공_76.png,오타공
1830,오타공_85.png,오타공
1831,오타공_107.png,오타공
1832,오타공_57.png,오타공
1833,오타공_58.png,오타공
1834,오타공_59.png,오타공
1835,오타공_134.png,오타공
1836,오타공_68.png,오타공
1837,오타공_19.png,오타공
1838,오타공_108.png,오타공
1839,오타공_26.png,오타공
1840,오타공_60.png,오타공
1841,오타공_115.png,오타공
1842,오타공_117.png,오타공
1843,오타공_43.png,오타공
1844,오타공_27.png,오타공
1845,오타공_5.png,오타공
1846,오타공_116.png,오타공
1847,오타공_23.png,오타공
1848,오타공_37.png,오타공
1849,오타공_64.png,오타공
1850,오타공_89.png,오타공
1851,오타공_106.png,오타공
1852,오타공_54.png,오타공
1853,오타공_41.png,오타공
1854,오타공_14.png,오타공
1855,오타공_128.png,오타공
1856,오타공_113.png,오타공
1857,오타공_125.png,오타공
1858,오타공_18.png,오타공
1859,오타공_111.png,오타공
1860,오타공_30.png,오타공
1861,오타공_86.png,오타공
1862,오타공_1.png,오타공
1863,오타공_110.png,오타공
1864,오타공_33.png,오타공
1865,오타공_42.png,오타공
1866,오타공_120.png,오타공
1867,오타공_39.png,오타공
1868,오타공_72.png,오타공
1869,오타공_46.png,오타공
1870,오타공_28.png,오타공
1871,오타공_75.png,오타공
1872,오타공_9.png,오타공
1873,오타공_109.png,오타공
1874,오타공_36.png,오타공
1875,오타공_131.png,오타공
1876,오타공_87.png,오타공
1877,오타공_4.png,오타공
1878,오타공_29.png,오타공
1879,오타공_8.png,오타공
1880,오타공_50.png,오타공
1881,오타공_22.png,오타공
1882,오타공_141.png,오타공
1883,오타공_118.png,오타공
1884,오타공_52.png,오타공
1885,오타공_136.png,오타공
1886,오타공_0.png,오타공
1887,오타공_95.png,오타공
1888,오타공_104.png,오타공
1889,오타공_45.png,오타공
1890,오타공_7.png,오타공
1891,오타공_92.png,오타공
1892,오타공_88.png,오타공
1893,오타공_20.png,오타공
1894,오타공_3.png,오타공
1895,오타공_49.png,오타공
1896,오타공_67.png,오타공
1897,오타공_25.png,오타공
1898,오타공_44.png,오타공
1899,오타공_40.png,오타공
1900,오타공_137.png,오타공
1901,오타공_10.png,오타공
1902,오타공_53.png,오타공
1903,오타공_98.png,오타공
1904,오타공_31.png,오타공
1905,오타공_66.png,오타공
1906,오타공_127.png,오타공
1907,오타공_79.png,오타공
1908,오타공_84.png,오타공
1909,오타공_38.png,오타공
1910,오타공_93.png,오타공
1911,오타공_100.png,오타공
1912,오타공_48.png,오타공
1913,오타공_126.png,오타공
1914,오타공_99.png,오타공
1915,오타공_82.png,오타공
1916,오타공_32.png,오타공
1917,오타공_129.png,오타공
1918,오타공_80.png,오타공
1919,오타공_133.png,오타공
1920,오타공_121.png,오타공
1921,오타공_74.png,오타공
1922,오타공_15.png,오타공
1923,오타공_70.png,오타공
1924,오타공_90.png,오타공
1925,오타공_91.png,오타공
1926,오타공_13.png,오타공
1927,오타공_77.png,오타공
1928,오타공_139.png,오타공
1929,오타공_2.png,오타공
1930,오타공_6.png,오타공
1931,오타공_35.png,오타공
1932,오타공_24.png,오타공
1933,오타공_56.png,오타공
1934,오타공_124.png,오타공
1935,피스_34.png,피스
1936,피스_12.png,피스
1937,피스_47.png,피스
1938,피스_11.png,피스
1939,피스_16.png,피스
1940,피스_17.png,피스
1941,피스_21.png,피스
1942,피스_19.png,피스
1943,피스_26.png,피스
1944,피스_43.png,피스
1945,피스_27.png,피스
1946,피스_5.png,피스
1947,피스_23.png,피스
1948,피스_37.png,피스
1949,피스_41.png,피스
1950,피스_14.png,피스
1951,피스_18.png,피스
1952,피스_30.png,피스
1953,피스_1.png,피스
1954,피스_33.png,피스
1955,피스_42.png,피스
1956,피스_39.png,피스
1957,피스_46.png,피스
1958,피스_28.png,피스
1959,피스_9.png,피스
1960,피스_36.png,피스
1961,피스_4.png,피스
1962,피스_29.png,피스
1963,피스_8.png,피스
1964,피스_50.png,피스
1965,피스_22.png,피스
1966,피스_0.png,피스
1967,피스_45.png,피스
1968,피스_7.png,피스
1969,피스_20.png,피스
1970,피스_3.png,피스
1971,피스_49.png,피스
1972,피스_25.png,피스
1973,피스_44.png,피스
1974,피스_40.png,피스
1975,피스_10.png,피스
1976,피스_31.png,피스
1977,피스_38.png,피스
1978,피스_48.png,피스
1979,피스_32.png,피스
1980,피스_15.png,피스
1981,피스_13.png,피스
1982,피스_2.png,피스
1983,피스_6.png,피스
1984,피스_35.png,피스
1985,피스_24.png,피스
1986,오염_531.png,오염
1987,오염_260.png,오염
1988,오염_176.png,오염
1989,오염_248.png,오염
1990,오염_135.png,오염
1991,오염_185.png,오염
1992,오염_81.png,오염
1993,오염_497.png,오염
1994,오염_224.png,오염
1995,오염_122.png,오염
1996,오염_197.png,오염
1997,오염_355.png,오염
1998,오염_480.png,오염
1999,오염_431.png,오염
2000,오염_189.png,오염
2001,오염_94.png,오염
2002,오염_425.png,오염
2003,오염_192.png,오염
2004,오염_277.png,오염
2005,오염_34.png,오염
2006,오염_188.png,오염
2007,오염_62.png,오염
2008,오염_485.png,오염
2009,오염_114.png,오염
2010,오염_335.png,오염
2011,오염_468.png,오염
2012,오염_476.png,오염
2013,오염_490.png,오염
2014,오염_437.png,오염
2015,오염_167.png,오염
2016,오염_518.png,오염
2017,오염_342.png,오염
2018,오염_132.png,오염
2019,오염_140.png,오염
2020,오염_586.png,오염
2021,오염_572.png,오염
2022,오염_312.png,오염
2023,오염_344.png,오염
2024,오염_12.png,오염
2025,오염_354.png,오염
2026,오염_366.png,오염
2027,오염_436.png,오염
2028,오염_474.png,오염
2029,오염_575.png,오염
2030,오염_203.png,오염
2031,오염_479.png,오염
2032,오염_460.png,오염
2033,오염_359.png,오염
2034,오염_209.png,오염
2035,오염_439.png,오염
2036,오염_356.png,오염
2037,오염_447.png,오염
2038,오염_103.png,오염
2039,오염_97.png,오염
2040,오염_582.png,오염
2041,오염_505.png,오염
2042,오염_390.png,오염
2043,오염_273.png,오염
2044,오염_213.png,오염
2045,오염_73.png,오염
2046,오염_240.png,오염
2047,오염_464.png,오염
2048,오염_462.png,오염
2049,오염_587.png,오염
2050,오염_331.png,오염
2051,오염_341.png,오염
2052,오염_291.png,오염
2053,오염_385.png,오염
2054,오염_267.png,오염
2055,오염_477.png,오염
2056,오염_255.png,오염
2057,오염_494.png,오염
2058,오염_239.png,오염
2059,오염_580.png,오염
2060,오염_456.png,오염
2061,오염_340.png,오염
2062,오염_363.png,오염
2063,오염_123.png,오염
2064,오염_507.png,오염
2065,오염_368.png,오염
2066,오염_233.png,오염
2067,오염_384.png,오염
2068,오염_295.png,오염
2069,오염_242.png,오염
2070,오염_101.png,오염
2071,오염_381.png,오염
2072,오염_234.png,오염
2073,오염_346.png,오염
2074,오염_61.png,오염
2075,오염_71.png,오염
2076,오염_560.png,오염
2077,오염_455.png,오염
2078,오염_558.png,오염
2079,오염_338.png,오염
2080,오염_591.png,오염
2081,오염_47.png,오염
2082,오염_444.png,오염
2083,오염_65.png,오염
2084,오염_262.png,오염
2085,오염_138.png,오염
2086,오염_502.png,오염
2087,오염_563.png,오염
2088,오염_443.png,오염
2089,오염_96.png,오염
2090,오염_153.png,오염
2091,오염_297.png,오염
2092,오염_427.png,오염
2093,오염_78.png,오염
2094,오염_130.png,오염
2095,오염_428.png,오염
2096,오염_11.png,오염
2097,오염_119.png,오염
2098,오염_514.png,오염
2099,오염_495.png,오염
2100,오염_285.png,오염
2101,오염_51.png,오염
2102,오염_362.png,오염
2103,오염_491.png,오염
2104,오염_396.png,오염
2105,오염_16.png,오염
2106,오염_161.png,오염
2107,오염_238.png,오염
2108,오염_550.png,오염
2109,오염_465.png,오염
2110,오염_178.png,오염
2111,오염_566.png,오염
2112,오염_177.png,오염
2113,오염_287.png,오염
2114,오염_506.png,오염
2115,오염_527.png,오염
2116,오염_589.png,오염
2117,오염_332.png,오염
2118,오염_227.png,오염
2119,오염_553.png,오염
2120,오염_538.png,오염
2121,오염_551.png,오염
2122,오염_250.png,오염
2123,오염_17.png,오염
2124,오염_105.png,오염
2125,오염_63.png,오염
2126,오염_21.png,오염
2127,오염_222.png,오염
2128,오염_55.png,오염
2129,오염_565.png,오염
2130,오염_412.png,오염
2131,오염_459.png,오염
2132,오염_102.png,오염
2133,오염_515.png,오염
2134,오염_83.png,오염
2135,오염_324.png,오염
2136,오염_403.png,오염
2137,오염_410.png,오염
2138,오염_69.png,오염
2139,오염_112.png,오염
2140,오염_316.png,오염
2141,오염_562.png,오염
2142,오염_235.png,오염
2143,오염_326.png,오염
2144,오염_492.png,오염
2145,오염_296.png,오염
2146,오염_76.png,오염
2147,오염_286.png,오염
2148,오염_210.png,오염
2149,오염_433.png,오염
2150,오염_345.png,오염
2151,오염_475.png,오염
2152,오염_85.png,오염
2153,오염_454.png,오염
2154,오염_371.png,오염
2155,오염_430.png,오염
2156,오염_107.png,오염
2157,오염_508.png,오염
2158,오염_57.png,오염
2159,오염_58.png,오염
2160,오염_148.png,오염
2161,오염_524.png,오염
2162,오염_59.png,오염
2163,오염_308.png,오염
2164,오염_134.png,오염
2165,오염_68.png,오염
2166,오염_348.png,오염
2167,오염_187.png,오염
2168,오염_408.png,오염
2169,오염_534.png,오염
2170,오염_202.png,오염
2171,오염_181.png,오염
2172,오염_184.png,오염
2173,오염_438.png,오염
2174,오염_19.png,오염
2175,오염_343.png,오염
2176,오염_300.png,오염
2177,오염_458.png,오염
2178,오염_397.png,오염
2179,오염_229.png,오염
2180,오염_108.png,오염
2181,오염_278.png,오염
2182,오염_26.png,오염
2183,오염_162.png,오염
2184,오염_416.png,오염
2185,오염_251.png,오염
2186,오염_60.png,오염
2187,오염_511.png,오염
2188,오염_404.png,오염
2189,오염_467.png,오염
2190,오염_115.png,오염
2191,오염_533.png,오염
2192,오염_117.png,오염
2193,오염_43.png,오염
2194,오염_269.png,오염
2195,오염_27.png,오염
2196,오염_5.png,오염
2197,오염_517.png,오염
2198,오염_270.png,오염
2199,오염_116.png,오염
2200,오염_23.png,오염
2201,오염_253.png,오염
2202,오염_169.png,오염
2203,오염_280.png,오염
2204,오염_37.png,오염
2205,오염_64.png,오염
2206,오염_489.png,오염
2207,오염_512.png,오염
2208,오염_570.png,오염
2209,오염_500.png,오염
2210,오염_501.png,오염
2211,오염_445.png,오염
2212,오염_247.png,오염
2213,오염_89.png,오염
2214,오염_106.png,오염
2215,오염_149.png,오염
2216,오염_54.png,오염
2217,오염_41.png,오염
2218,오염_320.png,오염
2219,오염_200.png,오염
2220,오염_435.png,오염
2221,오염_194.png,오염
2222,오염_327.png,오염
2223,오염_266.png,오염
2224,오염_520.png,오염
2225,오염_503.png,오염
2226,오염_14.png,오염
2227,오염_424.png,오염
2228,오염_150.png,오염
2229,오염_542.png,오염
2230,오염_583.png,오염
2231,오염_128.png,오염
2232,오염_199.png,오염
2233,오염_322.png,오염
2234,오염_481.png,오염
2235,오염_170.png,오염
2236,오염_398.png,오염
2237,오염_315.png,오염
2238,오염_567.png,오염
2239,오염_257.png,오염
2240,오염_298.png,오염
2241,오염_212.png,오염
2242,오염_223.png,오염
2243,오염_484.png,오염
2244,오염_113.png,오염
2245,오염_125.png,오염
2246,오염_18.png,오염
2247,오염_111.png,오염
2248,오염_196.png,오염
2249,오염_30.png,오염
2250,오염_152.png,오염
2251,오염_549.png,오염
2252,오염_86.png,오염
2253,오염_1.png,오염
2254,오염_156.png,오염
2255,오염_463.png,오염
2256,오염_323.png,오염
2257,오염_557.png,오염
2258,오염_175.png,오염
2259,오염_191.png,오염
2260,오염_328.png,오염
2261,오염_559.png,오염
2262,오염_289.png,오염
2263,오염_420.png,오염
2264,오염_299.png,오염
2265,오염_275.png,오염
2266,오염_469.png,오염
2267,오염_364.png,오염
2268,오염_333.png,오염
2269,오염_353.png,오염
2270,오염_171.png,오염
2271,오염_211.png,오염
2272,오염_110.png,오염
2273,오염_521.png,오염
2274,오염_33.png,오염
2275,오염_292.png,오염
2276,오염_42.png,오염
2277,오염_120.png,오염
2278,오염_307.png,오염
2279,오염_543.png,오염
2280,오염_283.png,오염
2281,오염_400.png,오염
2282,오염_256.png,오염
2283,오염_39.png,오염
2284,오염_367.png,오염
2285,오염_72.png,오염
2286,오염_448.png,오염
2287,오염_493.png,오염
2288,오염_245.png,오염
2289,오염_294.png,오염
2290,오염_249.png,오염
2291,오염_313.png,오염
2292,오염_46.png,오염
2293,오염_28.png,오염
2294,오염_272.png,오염
2295,오염_264.png,오염
2296,오염_236.png,오염
2297,오염_75.png,오염
2298,오염_392.png,오염
2299,오염_318.png,오염
2300,오염_473.png,오염
2301,오염_182.png,오염
2302,오염_545.png,오염
2303,오염_9.png,오염
2304,오염_513.png,오염
2305,오염_306.png,오염
2306,오염_434.png,오염
2307,오염_301.png,오염
2308,오염_109.png,오염
2309,오염_142.png,오염
2310,오염_154.png,오염
2311,오염_36.png,오염
2312,오염_131.png,오염
2313,오염_180.png,오염
2314,오염_174.png,오염
2315,오염_377.png,오염
2316,오염_163.png,오염
2317,오염_87.png,오염
2318,오염_4.png,오염
2319,오염_29.png,오염
2320,오염_401.png,오염
2321,오염_451.png,오염
2322,오염_8.png,오염
2323,오염_523.png,오염
2324,오염_237.png,오염
2325,오염_407.png,오염
2326,오염_532.png,오염
2327,오염_432.png,오염
2328,오염_244.png,오염
2329,오염_499.png,오염
2330,오염_305.png,오염
2331,오염_310.png,오염
2332,오염_321.png,오염
2333,오염_50.png,오염
2334,오염_22.png,오염
2335,오염_141.png,오염
2336,오염_457.png,오염
2337,오염_482.png,오염
2338,오염_347.png,오염
2339,오염_164.png,오염
2340,오염_537.png,오염
2341,오염_522.png,오염
2342,오염_541.png,오염
2343,오염_461.png,오염
2344,오염_186.png,오염
2345,오염_217.png,오염
2346,오염_418.png,오염
2347,오염_334.png,오염
2348,오염_303.png,오염
2349,오염_452.png,오염
2350,오염_546.png,오염
2351,오염_554.png,오염
2352,오염_259.png,오염
2353,오염_145.png,오염
2354,오염_118.png,오염
2355,오염_470.png,오염
2356,오염_207.png,오염
2357,오염_588.png,오염
2358,오염_288.png,오염
2359,오염_52.png,오염
2360,오염_136.png,오염
2361,오염_544.png,오염
2362,오염_221.png,오염
2363,오염_218.png,오염
2364,오염_325.png,오염
2365,오염_314.png,오염
2366,오염_151.png,오염
2367,오염_446.png,오염
2368,오염_441.png,오염
2369,오염_190.png,오염
2370,오염_168.png,오염
2371,오염_581.png,오염
2372,오염_282.png,오염
2373,오염_409.png,오염
2374,오염_220.png,오염
2375,오염_386.png,오염
2376,오염_201.png,오염
2377,오염_0.png,오염
2378,오염_556.png,오염
2379,오염_471.png,오염
2380,오염_147.png,오염
2381,오염_370.png,오염
2382,오염_95.png,오염
2383,오염_104.png,오염
2384,오염_143.png,오염
2385,오염_45.png,오염
2386,오염_225.png,오염
2387,오염_399.png,오염
2388,오염_254.png,오염
2389,오염_373.png,오염
2390,오염_215.png,오염
2391,오염_561.png,오염
2392,오염_7.png,오염
2393,오염_411.png,오염
2394,오염_144.png,오염
2395,오염_92.png,오염
2396,오염_159.png,오염
2397,오염_519.png,오염
2398,오염_304.png,오염
2399,오염_88.png,오염
2400,오염_155.png,오염
2401,오염_330.png,오염
2402,오염_20.png,오염
2403,오염_450.png,오염
2404,오염_350.png,오염
2405,오염_206.png,오염
2406,오염_226.png,오염
2407,오염_547.png,오염
2408,오염_472.png,오염
2409,오염_3.png,오염
2410,오염_483.png,오염
2411,오염_216.png,오염
2412,오염_173.png,오염
2413,오염_379.png,오염
2414,오염_442.png,오염
2415,오염_419.png,오염
2416,오염_274.png,오염
2417,오염_516.png,오염
2418,오염_49.png,오염
2419,오염_329.png,오염
2420,오염_389.png,오염
2421,오염_228.png,오염
2422,오염_67.png,오염
2423,오염_319.png,오염
2424,오염_339.png,오염
2425,오염_279.png,오염
2426,오염_498.png,오염
2427,오염_422.png,오염
2428,오염_25.png,오염
2429,오염_423.png,오염
2430,오염_158.png,오염
2431,오염_421.png,오염
2432,오염_496.png,오염
2433,오염_525.png,오염
2434,오염_449.png,오염
2435,오염_571.png,오염
2436,오염_394.png,오염
2437,오염_44.png,오염
2438,오염_40.png,오염
2439,오염_539.png,오염
2440,오염_263.png,오염
2441,오염_564.png,오염
2442,오염_413.png,오염
2443,오염_415.png,오염
2444,오염_137.png,오염
2445,오염_378.png,오염
2446,오염_593.png,오염
2447,오염_10.png,오염
2448,오염_369.png,오염
2449,오염_382.png,오염
2450,오염_290.png,오염
2451,오염_453.png,오염
2452,오염_349.png,오염
2453,오염_53.png,오염
2454,오염_585.png,오염
2455,오염_590.png,오염
2456,오염_357.png,오염
2457,오염_281.png,오염
2458,오염_578.png,오염
2459,오염_98.png,오염
2460,오염_440.png,오염
2461,오염_31.png,오염
2462,오염_526.png,오염
2463,오염_569.png,오염
2464,오염_375.png,오염
2465,오염_466.png,오염
2466,오염_509.png,오염
2467,오염_179.png,오염
2468,오염_195.png,오염
2469,오염_406.png,오염
2470,오염_193.png,오염
2471,오염_391.png,오염
2472,오염_276.png,오염
2473,오염_66.png,오염
2474,오염_528.png,오염
2475,오염_165.png,오염
2476,오염_265.png,오염
2477,오염_127.png,오염
2478,오염_360.png,오염
2479,오염_388.png,오염
2480,오염_231.png,오염
2481,오염_79.png,오염
2482,오염_592.png,오염
2483,오염_84.png,오염
2484,오염_426.png,오염
2485,오염_38.png,오염
2486,오염_93.png,오염
2487,오염_372.png,오염
2488,오염_351.png,오염
2489,오염_100.png,오염
2490,오염_261.png,오염
2491,오염_48.png,오염
2492,오염_387.png,오염
2493,오염_126.png,오염
2494,오염_219.png,오염
2495,오염_232.png,오염
2496,오염_510.png,오염
2497,오염_584.png,오염
2498,오염_243.png,오염
2499,오염_204.png,오염
2500,오염_540.png,오염
2501,오염_429.png,오염
2502,오염_573.png,오염
2503,오염_488.png,오염
2504,오염_529.png,오염
2505,오염_99.png,오염
2506,오염_414.png,오염
2507,오염_82.png,오염
2508,오염_536.png,오염
2509,오염_383.png,오염
2510,오염_32.png,오염
2511,오염_317.png,오염
2512,오염_166.png,오염
2513,오염_129.png,오염
2514,오염_80.png,오염
2515,오염_552.png,오염
2516,오염_258.png,오염
2517,오염_133.png,오염
2518,오염_380.png,오염
2519,오염_395.png,오염
2520,오염_121.png,오염
2521,오염_74.png,오염
2522,오염_241.png,오염
2523,오염_146.png,오염
2524,오염_271.png,오염
2525,오염_208.png,오염
2526,오염_336.png,오염
2527,오염_15.png,오염
2528,오염_358.png,오염
2529,오염_172.png,오염
2530,오염_579.png,오염
2531,오염_70.png,오염
2532,오염_365.png,오염
2533,오염_90.png,오염
2534,오염_574.png,오염
2535,오염_268.png,오염
2536,오염_91.png,오염
2537,오염_302.png,오염
2538,오염_417.png,오염
2539,오염_311.png,오염
2540,오염_376.png,오염
2541,오염_13.png,오염
2542,오염_402.png,오염
2543,오염_230.png,오염
2544,오염_183.png,오염
2545,오염_77.png,오염
2546,오염_139.png,오염
2547,오염_555.png,오염
2548,오염_2.png,오염
2549,오염_504.png,오염
2550,오염_6.png,오염
2551,오염_35.png,오염
2552,오염_577.png,오염
2553,오염_530.png,오염
2554,오염_374.png,오염
2555,오염_487.png,오염
2556,오염_24.png,오염
2557,오염_56.png,오염
2558,오염_309.png,오염
2559,오염_205.png,오염
2560,오염_548.png,오염
2561,오염_405.png,오염
2562,오염_361.png,오염
2563,오염_594.png,오염
2564,오염_293.png,오염
2565,오염_246.png,오염
2566,오염_352.png,오염
2567,오염_393.png,오염
2568,오염_568.png,오염
2569,오염_252.png,오염
2570,오염_124.png,오염
2571,오염_160.png,오염
2572,오염_214.png,오염
2573,오염_478.png,오염
2574,오염_284.png,오염
2575,오염_486.png,오염
2576,오염_535.png,오염
2577,오염_198.png,오염
2578,오염_576.png,오염
2579,오염_157.png,오염
2580,오염_337.png,오염
2581,"창틀,문틀수정_12.png","창틀,문틀수정"
2582,"창틀,문틀수정_11.png","창틀,문틀수정"
2583,"창틀,문틀수정_16.png","창틀,문틀수정"
2584,"창틀,문틀수정_17.png","창틀,문틀수정"
2585,"창틀,문틀수정_21.png","창틀,문틀수정"
2586,"창틀,문틀수정_19.png","창틀,문틀수정"
2587,"창틀,문틀수정_26.png","창틀,문틀수정"
2588,"창틀,문틀수정_5.png","창틀,문틀수정"
2589,"창틀,문틀수정_23.png","창틀,문틀수정"
2590,"창틀,문틀수정_14.png","창틀,문틀수정"
2591,"창틀,문틀수정_18.png","창틀,문틀수정"
2592,"창틀,문틀수정_1.png","창틀,문틀수정"
2593,"창틀,문틀수정_9.png","창틀,문틀수정"
2594,"창틀,문틀수정_4.png","창틀,문틀수정"
2595,"창틀,문틀수정_8.png","창틀,문틀수정"
2596,"창틀,문틀수정_22.png","창틀,문틀수정"
2597,"창틀,문틀수정_0.png","창틀,문틀수정"
2598,"창틀,문틀수정_7.png","창틀,문틀수정"
2599,"창틀,문틀수정_20.png","창틀,문틀수정"
2600,"창틀,문틀수정_3.png","창틀,문틀수정"
2601,"창틀,문틀수정_25.png","창틀,문틀수정"
2602,"창틀,문틀수정_10.png","창틀,문틀수정"
2603,"창틀,문틀수정_15.png","창틀,문틀수정"
2604,"창틀,문틀수정_13.png","창틀,문틀수정"
2605,"창틀,문틀수정_2.png","창틀,문틀수정"
2606,"창틀,문틀수정_6.png","창틀,문틀수정"
2607,"창틀,문틀수정_24.png","창틀,문틀수정"
2608,이음부불량_12.png,이음부불량
2609,이음부불량_11.png,이음부불량
2610,이음부불량_16.png,이음부불량
2611,이음부불량_5.png,이음부불량
2612,이음부불량_14.png,이음부불량
2613,이음부불량_1.png,이음부불량
2614,이음부불량_9.png,이음부불량
2615,이음부불량_4.png,이음부불량
2616,이음부불량_8.png,이음부불량
2617,이음부불량_0.png,이음부불량
2618,이음부불량_7.png,이음부불량
2619,이음부불량_3.png,이음부불량
2620,이음부불량_10.png,이음부불량
2621,이음부불량_15.png,이음부불량
2622,이음부불량_13.png,이음부불량
2623,이음부불량_2.png,이음부불량
2624,이음부불량_6.png,이음부불량
2625,꼬임_176.png,꼬임
2626,꼬임_135.png,꼬임
2627,꼬임_185.png,꼬임
2628,꼬임_81.png,꼬임
2629,꼬임_122.png,꼬임
2630,꼬임_197.png,꼬임
2631,꼬임_189.png,꼬임
2632,꼬임_94.png,꼬임
2633,꼬임_192.png,꼬임
2634,꼬임_34.png,꼬임
2635,꼬임_188.png,꼬임
2636,꼬임_62.png,꼬임
2637,꼬임_114.png,꼬임
2638,꼬임_167.png,꼬임
2639,꼬임_132.png,꼬임
2640,꼬임_140.png,꼬임
2641,꼬임_12.png,꼬임
2642,꼬임_203.png,꼬임
2643,꼬임_209.png,꼬임
2644,꼬임_103.png,꼬임
2645,꼬임_97.png,꼬임
2646,꼬임_73.png,꼬임
2647,꼬임_123.png,꼬임
2648,꼬임_101.png,꼬임
2649,꼬임_61.png,꼬임
2650,꼬임_71.png,꼬임
2651,꼬임_47.png,꼬임
2652,꼬임_65.png,꼬임
2653,꼬임_138.png,꼬임
2654,꼬임_96.png,꼬임
2655,꼬임_153.png,꼬임
2656,꼬임_78.png,꼬임
2657,꼬임_130.png,꼬임
2658,꼬임_11.png,꼬임
2659,꼬임_119.png,꼬임
2660,꼬임_51.png,꼬임
2661,꼬임_16.png,꼬임
2662,꼬임_161.png,꼬임
2663,꼬임_178.png,꼬임
2664,꼬임_177.png,꼬임
2665,꼬임_17.png,꼬임
2666,꼬임_105.png,꼬임
2667,꼬임_63.png,꼬임
2668,꼬임_21.png,꼬임
2669,꼬임_55.png,꼬임
2670,꼬임_102.png,꼬임
2671,꼬임_83.png,꼬임
2672,꼬임_69.png,꼬임
2673,꼬임_112.png,꼬임
2674,꼬임_76.png,꼬임
2675,꼬임_85.png,꼬임
2676,꼬임_107.png,꼬임
2677,꼬임_57.png,꼬임
2678,꼬임_58.png,꼬임
2679,꼬임_148.png,꼬임
2680,꼬임_59.png,꼬임
2681,꼬임_134.png,꼬임
2682,꼬임_68.png,꼬임
2683,꼬임_187.png,꼬임
2684,꼬임_202.png,꼬임
2685,꼬임_181.png,꼬임
2686,꼬임_184.png,꼬임
2687,꼬임_19.png,꼬임
2688,꼬임_108.png,꼬임
2689,꼬임_26.png,꼬임
2690,꼬임_162.png,꼬임
2691,꼬임_60.png,꼬임
2692,꼬임_115.png,꼬임
2693,꼬임_117.png,꼬임
2694,꼬임_43.png,꼬임
2695,꼬임_27.png,꼬임
2696,꼬임_5.png,꼬임
2697,꼬임_116.png,꼬임
2698,꼬임_23.png,꼬임
2699,꼬임_169.png,꼬임
2700,꼬임_37.png,꼬임
2701,꼬임_64.png,꼬임
2702,꼬임_89.png,꼬임
2703,꼬임_106.png,꼬임
2704,꼬임_149.png,꼬임
2705,꼬임_54.png,꼬임
2706,꼬임_41.png,꼬임
2707,꼬임_200.png,꼬임
2708,꼬임_194.png,꼬임
2709,꼬임_14.png,꼬임
2710,꼬임_150.png,꼬임
2711,꼬임_128.png,꼬임
2712,꼬임_199.png,꼬임
2713,꼬임_170.png,꼬임
2714,꼬임_113.png,꼬임
2715,꼬임_125.png,꼬임
2716,꼬임_18.png,꼬임
2717,꼬임_111.png,꼬임
2718,꼬임_196.png,꼬임
2719,꼬임_30.png,꼬임
2720,꼬임_152.png,꼬임
2721,꼬임_86.png,꼬임
2722,꼬임_1.png,꼬임
2723,꼬임_156.png,꼬임
2724,꼬임_175.png,꼬임
2725,꼬임_191.png,꼬임
2726,꼬임_171.png,꼬임
2727,꼬임_110.png,꼬임
2728,꼬임_33.png,꼬임
2729,꼬임_42.png,꼬임
2730,꼬임_120.png,꼬임
2731,꼬임_39.png,꼬임
2732,꼬임_72.png,꼬임
2733,꼬임_46.png,꼬임
2734,꼬임_28.png,꼬임
2735,꼬임_75.png,꼬임
2736,꼬임_182.png,꼬임
2737,꼬임_9.png,꼬임
2738,꼬임_109.png,꼬임
2739,꼬임_142.png,꼬임
2740,꼬임_154.png,꼬임
2741,꼬임_36.png,꼬임
2742,꼬임_131.png,꼬임
2743,꼬임_180.png,꼬임
2744,꼬임_174.png,꼬임
2745,꼬임_163.png,꼬임
2746,꼬임_87.png,꼬임
2747,꼬임_4.png,꼬임
2748,꼬임_29.png,꼬임
2749,꼬임_8.png,꼬임
2750,꼬임_50.png,꼬임
2751,꼬임_22.png,꼬임
2752,꼬임_141.png,꼬임
2753,꼬임_164.png,꼬임
2754,꼬임_186.png,꼬임
2755,꼬임_145.png,꼬임
2756,꼬임_118.png,꼬임
2757,꼬임_207.png,꼬임
2758,꼬임_52.png,꼬임
2759,꼬임_136.png,꼬임
2760,꼬임_151.png,꼬임
2761,꼬임_190.png,꼬임
2762,꼬임_168.png,꼬임
2763,꼬임_201.png,꼬임
2764,꼬임_0.png,꼬임
2765,꼬임_147.png,꼬임
2766,꼬임_95.png,꼬임
2767,꼬임_104.png,꼬임
2768,꼬임_143.png,꼬임
2769,꼬임_45.png,꼬임
2770,꼬임_7.png,꼬임
2771,꼬임_144.png,꼬임
2772,꼬임_92.png,꼬임
2773,꼬임_159.png,꼬임
2774,꼬임_88.png,꼬임
2775,꼬임_155.png,꼬임
2776,꼬임_20.png,꼬임
2777,꼬임_206.png,꼬임
2778,꼬임_3.png,꼬임
2779,꼬임_173.png,꼬임
2780,꼬임_49.png,꼬임
2781,꼬임_67.png,꼬임
2782,꼬임_25.png,꼬임
2783,꼬임_158.png,꼬임
2784,꼬임_44.png,꼬임
2785,꼬임_40.png,꼬임
2786,꼬임_137.png,꼬임
2787,꼬임_10.png,꼬임
2788,꼬임_53.png,꼬임
2789,꼬임_98.png,꼬임
2790,꼬임_31.png,꼬임
2791,꼬임_179.png,꼬임
2792,꼬임_195.png,꼬임
2793,꼬임_193.png,꼬임
2794,꼬임_66.png,꼬임
2795,꼬임_165.png,꼬임
2796,꼬임_127.png,꼬임
2797,꼬임_79.png,꼬임
2798,꼬임_84.png,꼬임
2799,꼬임_38.png,꼬임
2800,꼬임_93.png,꼬임
2801,꼬임_100.png,꼬임
2802,꼬임_48.png,꼬임
2803,꼬임_126.png,꼬임
2804,꼬임_204.png,꼬임
2805,꼬임_99.png,꼬임
2806,꼬임_82.png,꼬임
2807,꼬임_32.png,꼬임
2808,꼬임_166.png,꼬임
2809,꼬임_129.png,꼬임
2810,꼬임_80.png,꼬임
2811,꼬임_133.png,꼬임
2812,꼬임_121.png,꼬임
2813,꼬임_74.png,꼬임
2814,꼬임_146.png,꼬임
2815,꼬임_208.png,꼬임
2816,꼬임_15.png,꼬임
2817,꼬임_172.png,꼬임
2818,꼬임_70.png,꼬임
2819,꼬임_90.png,꼬임
2820,꼬임_91.png,꼬임
2821,꼬임_13.png,꼬임
2822,꼬임_183.png,꼬임
2823,꼬임_77.png,꼬임
2824,꼬임_139.png,꼬임
2825,꼬임_2.png,꼬임
2826,꼬임_6.png,꼬임
2827,꼬임_35.png,꼬임
2828,꼬임_24.png,꼬임
2829,꼬임_56.png,꼬임
2830,꼬임_205.png,꼬임
2831,꼬임_124.png,꼬임
2832,꼬임_160.png,꼬임
2833,꼬임_198.png,꼬임
2834,꼬임_157.png,꼬임
2835,반점_1.png,반점
2836,반점_0.png,반점
2837,반점_2.png,반점
2838,면불량_81.png,면불량
2839,면불량_94.png,면불량
2840,면불량_34.png,면불량
2841,면불량_62.png,면불량
2842,면불량_12.png,면불량
2843,면불량_97.png,면불량
2844,면불량_73.png,면불량
2845,면불량_61.png,면불량
2846,면불량_71.png,면불량
2847,면불량_47.png,면불량
2848,면불량_65.png,면불량
2849,면불량_96.png,면불량
2850,면불량_78.png,면불량
2851,면불량_11.png,면불량
2852,면불량_51.png,면불량
2853,면불량_16.png,면불량
2854,면불량_17.png,면불량
2855,면불량_63.png,면불량
2856,면불량_21.png,면불량
2857,면불량_55.png,면불량
2858,면불량_83.png,면불량
2859,면불량_69.png,면불량
2860,면불량_76.png,면불량
2861,면불량_85.png,면불량
2862,면불량_57.png,면불량
2863,면불량_58.png,면불량
2864,면불량_59.png,면불량
2865,면불량_68.png,면불량
2866,면불량_19.png,면불량
2867,면불량_26.png,면불량
2868,면불량_60.png,면불량
2869,면불량_43.png,면불량
2870,면불량_27.png,면불량
2871,면불량_5.png,면불량
2872,면불량_23.png,면불량
2873,면불량_37.png,면불량
2874,면불량_64.png,면불량
2875,면불량_89.png,면불량
2876,면불량_54.png,면불량
2877,면불량_41.png,면불량
2878,면불량_14.png,면불량
2879,면불량_18.png,면불량
2880,면불량_30.png,면불량
2881,면불량_86.png,면불량
2882,면불량_1.png,면불량
2883,면불량_33.png,면불량
2884,면불량_42.png,면불량
2885,면불량_39.png,면불량
2886,면불량_72.png,면불량
2887,면불량_46.png,면불량
2888,면불량_28.png,면불량
2889,면불량_75.png,면불량
2890,면불량_9.png,면불량
2891,면불량_36.png,면불량
2892,면불량_87.png,면불량
2893,면불량_4.png,면불량
2894,면불량_29.png,면불량
2895,면불량_8.png,면불량
2896,면불량_50.png,면불량
2897,면불량_22.png,면불량
2898,면불량_52.png,면불량
2899,면불량_0.png,면불량
2900,면불량_95.png,면불량
2901,면불량_45.png,면불량
2902,면불량_7.png,면불량
2903,면불량_92.png,면불량
2904,면불량_88.png,면불량
2905,면불량_20.png,면불량
2906,면불량_3.png,면불량
2907,면불량_49.png,면불량
2908,면불량_67.png,면불량
2909,면불량_25.png,면불량
2910,면불량_44.png,면불량
2911,면불량_40.png,면불량
2912,면불량_10.png,면불량
2913,면불량_53.png,면불량
2914,면불량_98.png,면불량
2915,면불량_31.png,면불량
2916,면불량_66.png,면불량
2917,면불량_79.png,면불량
2918,면불량_84.png,면불량
2919,면불량_38.png,면불량
2920,면불량_93.png,면불량
2921,면불량_48.png,면불량
2922,면불량_82.png,면불량
2923,면불량_32.png,면불량
2924,면불량_80.png,면불량
2925,면불량_74.png,면불량
2926,면불량_15.png,면불량
2927,면불량_70.png,면불량
2928,면불량_90.png,면불량
2929,면불량_91.png,면불량
2930,면불량_13.png,면불량
2931,면불량_77.png,면불량
2932,면불량_2.png,면불량
2933,면불량_6.png,면불량
2934,면불량_35.png,면불량
2935,면불량_24.png,면불량
2936,면불량_56.png,면불량
2937,몰딩수정_81.png,몰딩수정
2938,몰딩수정_122.png,몰딩수정
2939,몰딩수정_94.png,몰딩수정
2940,몰딩수정_34.png,몰딩수정
2941,몰딩수정_62.png,몰딩수정
2942,몰딩수정_114.png,몰딩수정
2943,몰딩수정_12.png,몰딩수정
2944,몰딩수정_103.png,몰딩수정
2945,몰딩수정_97.png,몰딩수정
2946,몰딩수정_73.png,몰딩수정
2947,몰딩수정_123.png,몰딩수정
2948,몰딩수정_101.png,몰딩수정
2949,몰딩수정_61.png,몰딩수정
2950,몰딩수정_71.png,몰딩수정
2951,몰딩수정_47.png,몰딩수정
2952,몰딩수정_65.png,몰딩수정
2953,몰딩수정_96.png,몰딩수정
2954,몰딩수정_78.png,몰딩수정
2955,몰딩수정_11.png,몰딩수정
2956,몰딩수정_119.png,몰딩수정
2957,몰딩수정_51.png,몰딩수정
2958,몰딩수정_16.png,몰딩수정
2959,몰딩수정_17.png,몰딩수정
2960,몰딩수정_105.png,몰딩수정
2961,몰딩수정_63.png,몰딩수정
2962,몰딩수정_21.png,몰딩수정
2963,몰딩수정_55.png,몰딩수정
2964,몰딩수정_102.png,몰딩수정
2965,몰딩수정_83.png,몰딩수정
2966,몰딩수정_69.png,몰딩수정
2967,몰딩수정_112.png,몰딩수정
2968,몰딩수정_76.png,몰딩수정
2969,몰딩수정_85.png,몰딩수정
2970,몰딩수정_107.png,몰딩수정
2971,몰딩수정_57.png,몰딩수정
2972,몰딩수정_58.png,몰딩수정
2973,몰딩수정_59.png,몰딩수정
2974,몰딩수정_68.png,몰딩수정
2975,몰딩수정_19.png,몰딩수정
2976,몰딩수정_108.png,몰딩수정
2977,몰딩수정_26.png,몰딩수정
2978,몰딩수정_60.png,몰딩수정
2979,몰딩수정_115.png,몰딩수정
2980,몰딩수정_117.png,몰딩수정
2981,몰딩수정_43.png,몰딩수정
2982,몰딩수정_27.png,몰딩수정
2983,몰딩수정_5.png,몰딩수정
2984,몰딩수정_116.png,몰딩수정
2985,몰딩수정_23.png,몰딩수정
2986,몰딩수정_37.png,몰딩수정
2987,몰딩수정_64.png,몰딩수정
2988,몰딩수정_89.png,몰딩수정
2989,몰딩수정_106.png,몰딩수정
2990,몰딩수정_54.png,몰딩수정
2991,몰딩수정_41.png,몰딩수정
2992,몰딩수정_14.png,몰딩수정
2993,몰딩수정_128.png,몰딩수정
2994,몰딩수정_113.png,몰딩수정
2995,몰딩수정_125.png,몰딩수정
2996,몰딩수정_18.png,몰딩수정
2997,몰딩수정_111.png,몰딩수정
2998,몰딩수정_30.png,몰딩수정
2999,몰딩수정_86.png,몰딩수정
3000,몰딩수정_1.png,몰딩수정
3001,몰딩수정_110.png,몰딩수정
3002,몰딩수정_33.png,몰딩수정
3003,몰딩수정_42.png,몰딩수정
3004,몰딩수정_120.png,몰딩수정
3005,몰딩수정_39.png,몰딩수정
3006,몰딩수정_72.png,몰딩수정
3007,몰딩수정_46.png,몰딩수정
3008,몰딩수정_28.png,몰딩수정
3009,몰딩수정_75.png,몰딩수정
3010,몰딩수정_9.png,몰딩수정
3011,몰딩수정_109.png,몰딩수정
3012,몰딩수정_36.png,몰딩수정
3013,몰딩수정_87.png,몰딩수정
3014,몰딩수정_4.png,몰딩수정
3015,몰딩수정_29.png,몰딩수정
3016,몰딩수정_8.png,몰딩수정
3017,몰딩수정_50.png,몰딩수정
3018,몰딩수정_22.png,몰딩수정
3019,몰딩수정_118.png,몰딩수정
3020,몰딩수정_52.png,몰딩수정
3021,몰딩수정_0.png,몰딩수정
3022,몰딩수정_95.png,몰딩수정
3023,몰딩수정_104.png,몰딩수정
3024,몰딩수정_45.png,몰딩수정
3025,몰딩수정_7.png,몰딩수정
3026,몰딩수정_92.png,몰딩수정
3027,몰딩수정_88.png,몰딩수정
3028,몰딩수정_20.png,몰딩수정
3029,몰딩수정_3.png,몰딩수정
3030,몰딩수정_49.png,몰딩수정
3031,몰딩수정_67.png,몰딩수정
3032,몰딩수정_25.png,몰딩수정
3033,몰딩수정_44.png,몰딩수정
3034,몰딩수정_40.png,몰딩수정
3035,몰딩수정_10.png,몰딩수정
3036,몰딩수정_53.png,몰딩수정
3037,몰딩수정_98.png,몰딩수정
3038,몰딩수정_31.png,몰딩수정
3039,몰딩수정_66.png,몰딩수정
3040,몰딩수정_127.png,몰딩수정
3041,몰딩수정_79.png,몰딩수정
3042,몰딩수정_84.png,몰딩수정
3043,몰딩수정_38.png,몰딩수정
3044,몰딩수정_93.png,몰딩수정
3045,몰딩수정_100.png,몰딩수정
3046,몰딩수정_48.png,몰딩수정
3047,몰딩수정_126.png,몰딩수정
3048,몰딩수정_99.png,몰딩수정
3049,몰딩수정_82.png,몰딩수정
3050,몰딩수정_32.png,몰딩수정
3051,몰딩수정_129.png,몰딩수정
3052,몰딩수정_80.png,몰딩수정
3053,몰딩수정_121.png,몰딩수정
3054,몰딩수정_74.png,몰딩수정
3055,몰딩수정_15.png,몰딩수정
3056,몰딩수정_70.png,몰딩수정
3057,몰딩수정_90.png,몰딩수정
3058,몰딩수정_91.png,몰딩수정
3059,몰딩수정_13.png,몰딩수정
3060,몰딩수정_77.png,몰딩수정
3061,몰딩수정_2.png,몰딩수정
3062,몰딩수정_6.png,몰딩수정
3063,몰딩수정_35.png,몰딩수정
3064,몰딩수정_24.png,몰딩수정
3065,몰딩수정_56.png,몰딩수정
3066,몰딩수정_124.png,몰딩수정
3067,석고수정_34.png,석고수정
3068,석고수정_12.png,석고수정
3069,석고수정_47.png,석고수정
3070,석고수정_11.png,석고수정
3071,석고수정_51.png,석고수정
3072,석고수정_16.png,석고수정
3073,석고수정_17.png,석고수정
3074,석고수정_21.png,석고수정
3075,석고수정_55.png,석고수정
3076,석고수정_19.png,석고수정
3077,석고수정_26.png,석고수정
3078,석고수정_43.png,석고수정
3079,석고수정_27.png,석고수정
3080,석고수정_5.png,석고수정
3081,석고수정_23.png,석고수정
3082,석고수정_37.png,석고수정
3083,석고수정_54.png,석고수정
3084,석고수정_41.png,석고수정
3085,석고수정_14.png,석고수정
3086,석고수정_18.png,석고수정
3087,석고수정_30.png,석고수정
3088,석고수정_1.png,석고수정
3089,석고수정_33.png,석고수정
3090,석고수정_42.png,석고수정
3091,석고수정_39.png,석고수정
3092,석고수정_46.png,석고수정
3093,석고수정_28.png,석고수정
3094,석고수정_9.png,석고수정
3095,석고수정_36.png,석고수정
3096,석고수정_4.png,석고수정
3097,석고수정_29.png,석고수정
3098,석고수정_8.png,석고수정
3099,석고수정_50.png,석고수정
3100,석고수정_22.png,석고수정
3101,석고수정_52.png,석고수정
3102,석고수정_0.png,석고수정
3103,석고수정_45.png,석고수정
3104,석고수정_7.png,석고수정
3105,석고수정_20.png,석고수정
3106,석고수정_3.png,석고수정
3107,석고수정_49.png,석고수정
3108,석고수정_25.png,석고수정
3109,석고수정_44.png,석고수정
3110,석고수정_40.png,석고수정
3111,석고수정_10.png,석고수정
3112,석고수정_53.png,석고수정
3113,석고수정_31.png,석고수정
3114,석고수정_38.png,석고수정
3115,석고수정_48.png,석고수정
3116,석고수정_32.png,석고수정
3117,석고수정_15.png,석고수정
3118,석고수정_13.png,석고수정
3119,석고수정_2.png,석고수정
3120,석고수정_6.png,석고수정
3121,석고수정_35.png,석고수정
3122,석고수정_24.png,석고수정
3123,석고수정_56.png,석고수정
3124,녹오염_12.png,녹오염
3125,녹오염_11.png,녹오염
3126,녹오염_5.png,녹오염
3127,녹오염_1.png,녹오염
3128,녹오염_9.png,녹오염
3129,녹오염_4.png,녹오염
3130,녹오염_8.png,녹오염
3131,녹오염_0.png,녹오염
3132,녹오염_7.png,녹오염
3133,녹오염_3.png,녹오염
3134,녹오염_10.png,녹오염
3135,녹오염_13.png,녹오염
3136,녹오염_2.png,녹오염
3137,녹오염_6.png,녹오염
3138,가구수정_11.png,가구수정
3139,가구수정_5.png,가구수정
3140,가구수정_1.png,가구수정
3141,가구수정_9.png,가구수정
3142,가구수정_4.png,가구수정
3143,가구수정_8.png,가구수정
3144,가구수정_0.png,가구수정
3145,가구수정_7.png,가구수정
3146,가구수정_3.png,가구수정
3147,가구수정_10.png,가구수정
3148,가구수정_2.png,가구수정
3149,가구수정_6.png,가구수정
3150,걸레받이수정_260.png,걸레받이수정
3151,걸레받이수정_176.png,걸레받이수정
3152,걸레받이수정_248.png,걸레받이수정
3153,걸레받이수정_135.png,걸레받이수정
3154,걸레받이수정_185.png,걸레받이수정
3155,걸레받이수정_81.png,걸레받이수정
3156,걸레받이수정_224.png,걸레받이수정
3157,걸레받이수정_122.png,걸레받이수정
3158,걸레받이수정_197.png,걸레받이수정
3159,걸레받이수정_189.png,걸레받이수정
3160,걸레받이수정_94.png,걸레받이수정
3161,걸레받이수정_192.png,걸레받이수정
3162,걸레받이수정_277.png,걸레받이수정
3163,걸레받이수정_34.png,걸레받이수정
3164,걸레받이수정_188.png,걸레받이수정
3165,걸레받이수정_62.png,걸레받이수정
3166,걸레받이수정_114.png,걸레받이수정
3167,걸레받이수정_167.png,걸레받이수정
3168,걸레받이수정_132.png,걸레받이수정
3169,걸레받이수정_140.png,걸레받이수정
3170,걸레받이수정_12.png,걸레받이수정
3171,걸레받이수정_203.png,걸레받이수정
3172,걸레받이수정_209.png,걸레받이수정
3173,걸레받이수정_103.png,걸레받이수정
3174,걸레받이수정_97.png,걸레받이수정
3175,걸레받이수정_273.png,걸레받이수정
3176,걸레받이수정_213.png,걸레받이수정
3177,걸레받이수정_73.png,걸레받이수정
3178,걸레받이수정_240.png,걸레받이수정
3179,걸레받이수정_291.png,걸레받이수정
3180,걸레받이수정_267.png,걸레받이수정
3181,걸레받이수정_255.png,걸레받이수정
3182,걸레받이수정_239.png,걸레받이수정
3183,걸레받이수정_123.png,걸레받이수정
3184,걸레받이수정_233.png,걸레받이수정
3185,걸레받이수정_295.png,걸레받이수정
3186,걸레받이수정_242.png,걸레받이수정
3187,걸레받이수정_101.png,걸레받이수정
3188,걸레받이수정_234.png,걸레받이수정
3189,걸레받이수정_61.png,걸레받이수정
3190,걸레받이수정_71.png,걸레받이수정
3191,걸레받이수정_47.png,걸레받이수정
3192,걸레받이수정_65.png,걸레받이수정
3193,걸레받이수정_262.png,걸레받이수정
3194,걸레받이수정_138.png,걸레받이수정
3195,걸레받이수정_96.png,걸레받이수정
3196,걸레받이수정_153.png,걸레받이수정
3197,걸레받이수정_297.png,걸레받이수정
3198,걸레받이수정_78.png,걸레받이수정
3199,걸레받이수정_130.png,걸레받이수정
3200,걸레받이수정_11.png,걸레받이수정
3201,걸레받이수정_119.png,걸레받이수정
3202,걸레받이수정_285.png,걸레받이수정
3203,걸레받이수정_51.png,걸레받이수정
3204,걸레받이수정_16.png,걸레받이수정
3205,걸레받이수정_161.png,걸레받이수정
3206,걸레받이수정_238.png,걸레받이수정
3207,걸레받이수정_178.png,걸레받이수정
3208,걸레받이수정_177.png,걸레받이수정
3209,걸레받이수정_287.png,걸레받이수정
3210,걸레받이수정_227.png,걸레받이수정
3211,걸레받이수정_250.png,걸레받이수정
3212,걸레받이수정_17.png,걸레받이수정
3213,걸레받이수정_105.png,걸레받이수정
3214,걸레받이수정_63.png,걸레받이수정
3215,걸레받이수정_21.png,걸레받이수정
3216,걸레받이수정_222.png,걸레받이수정
3217,걸레받이수정_55.png,걸레받이수정
3218,걸레받이수정_102.png,걸레받이수정
3219,걸레받이수정_83.png,걸레받이수정
3220,걸레받이수정_69.png,걸레받이수정
3221,걸레받이수정_112.png,걸레받이수정
3222,걸레받이수정_235.png,걸레받이수정
3223,걸레받이수정_296.png,걸레받이수정
3224,걸레받이수정_76.png,걸레받이수정
3225,걸레받이수정_286.png,걸레받이수정
3226,걸레받이수정_210.png,걸레받이수정
3227,걸레받이수정_85.png,걸레받이수정
3228,걸레받이수정_107.png,걸레받이수정
3229,걸레받이수정_57.png,걸레받이수정
3230,걸레받이수정_58.png,걸레받이수정
3231,걸레받이수정_148.png,걸레받이수정
3232,걸레받이수정_59.png,걸레받이수정
3233,걸레받이수정_134.png,걸레받이수정
3234,걸레받이수정_68.png,걸레받이수정
3235,걸레받이수정_187.png,걸레받이수정
3236,걸레받이수정_202.png,걸레받이수정
3237,걸레받이수정_181.png,걸레받이수정
3238,걸레받이수정_184.png,걸레받이수정
3239,걸레받이수정_19.png,걸레받이수정
3240,걸레받이수정_300.png,걸레받이수정
3241,걸레받이수정_229.png,걸레받이수정
3242,걸레받이수정_108.png,걸레받이수정
3243,걸레받이수정_278.png,걸레받이수정
3244,걸레받이수정_26.png,걸레받이수정
3245,걸레받이수정_162.png,걸레받이수정
3246,걸레받이수정_251.png,걸레받이수정
3247,걸레받이수정_60.png,걸레받이수정
3248,걸레받이수정_115.png,걸레받이수정
3249,걸레받이수정_117.png,걸레받이수정
3250,걸레받이수정_43.png,걸레받이수정
3251,걸레받이수정_269.png,걸레받이수정
3252,걸레받이수정_27.png,걸레받이수정
3253,걸레받이수정_5.png,걸레받이수정
3254,걸레받이수정_270.png,걸레받이수정
3255,걸레받이수정_116.png,걸레받이수정
3256,걸레받이수정_23.png,걸레받이수정
3257,걸레받이수정_253.png,걸레받이수정
3258,걸레받이수정_169.png,걸레받이수정
3259,걸레받이수정_280.png,걸레받이수정
3260,걸레받이수정_37.png,걸레받이수정
3261,걸레받이수정_64.png,걸레받이수정
3262,걸레받이수정_247.png,걸레받이수정
3263,걸레받이수정_89.png,걸레받이수정
3264,걸레받이수정_106.png,걸레받이수정
3265,걸레받이수정_149.png,걸레받이수정
3266,걸레받이수정_54.png,걸레받이수정
3267,걸레받이수정_41.png,걸레받이수정
3268,걸레받이수정_200.png,걸레받이수정
3269,걸레받이수정_194.png,걸레받이수정
3270,걸레받이수정_266.png,걸레받이수정
3271,걸레받이수정_14.png,걸레받이수정
3272,걸레받이수정_150.png,걸레받이수정
3273,걸레받이수정_128.png,걸레받이수정
3274,걸레받이수정_199.png,걸레받이수정
3275,걸레받이수정_170.png,걸레받이수정
3276,걸레받이수정_257.png,걸레받이수정
3277,걸레받이수정_298.png,걸레받이수정
3278,걸레받이수정_212.png,걸레받이수정
3279,걸레받이수정_223.png,걸레받이수정
3280,걸레받이수정_113.png,걸레받이수정
3281,걸레받이수정_125.png,걸레받이수정
3282,걸레받이수정_18.png,걸레받이수정
3283,걸레받이수정_111.png,걸레받이수정
3284,걸레받이수정_196.png,걸레받이수정
3285,걸레받이수정_30.png,걸레받이수정
3286,걸레받이수정_152.png,걸레받이수정
3287,걸레받이수정_86.png,걸레받이수정
3288,걸레받이수정_1.png,걸레받이수정
3289,걸레받이수정_156.png,걸레받이수정
3290,걸레받이수정_175.png,걸레받이수정
3291,걸레받이수정_191.png,걸레받이수정
3292,걸레받이수정_289.png,걸레받이수정
3293,걸레받이수정_299.png,걸레받이수정
3294,걸레받이수정_275.png,걸레받이수정
3295,걸레받이수정_171.png,걸레받이수정
3296,걸레받이수정_211.png,걸레받이수정
3297,걸레받이수정_110.png,걸레받이수정
3298,걸레받이수정_33.png,걸레받이수정
3299,걸레받이수정_292.png,걸레받이수정
3300,걸레받이수정_42.png,걸레받이수정
3301,걸레받이수정_120.png,걸레받이수정
3302,걸레받이수정_283.png,걸레받이수정
3303,걸레받이수정_256.png,걸레받이수정
3304,걸레받이수정_39.png,걸레받이수정
3305,걸레받이수정_72.png,걸레받이수정
3306,걸레받이수정_245.png,걸레받이수정
3307,걸레받이수정_294.png,걸레받이수정
3308,걸레받이수정_249.png,걸레받이수정
3309,걸레받이수정_46.png,걸레받이수정
3310,걸레받이수정_28.png,걸레받이수정
3311,걸레받이수정_272.png,걸레받이수정
3312,걸레받이수정_264.png,걸레받이수정
3313,걸레받이수정_236.png,걸레받이수정
3314,걸레받이수정_75.png,걸레받이수정
3315,걸레받이수정_182.png,걸레받이수정
3316,걸레받이수정_9.png,걸레받이수정
3317,걸레받이수정_306.png,걸레받이수정
3318,걸레받이수정_301.png,걸레받이수정
3319,걸레받이수정_109.png,걸레받이수정
3320,걸레받이수정_142.png,걸레받이수정
3321,걸레받이수정_154.png,걸레받이수정
3322,걸레받이수정_36.png,걸레받이수정
3323,걸레받이수정_131.png,걸레받이수정
3324,걸레받이수정_180.png,걸레받이수정
3325,걸레받이수정_174.png,걸레받이수정
3326,걸레받이수정_163.png,걸레받이수정
3327,걸레받이수정_87.png,걸레받이수정
3328,걸레받이수정_4.png,걸레받이수정
3329,걸레받이수정_29.png,걸레받이수정
3330,걸레받이수정_8.png,걸레받이수정
3331,걸레받이수정_237.png,걸레받이수정
3332,걸레받이수정_244.png,걸레받이수정
3333,걸레받이수정_305.png,걸레받이수정
3334,걸레받이수정_50.png,걸레받이수정
3335,걸레받이수정_22.png,걸레받이수정
3336,걸레받이수정_141.png,걸레받이수정
3337,걸레받이수정_164.png,걸레받이수정
3338,걸레받이수정_186.png,걸레받이수정
3339,걸레받이수정_217.png,걸레받이수정
3340,걸레받이수정_303.png,걸레받이수정
3341,걸레받이수정_259.png,걸레받이수정
3342,걸레받이수정_145.png,걸레받이수정
3343,걸레받이수정_118.png,걸레받이수정
3344,걸레받이수정_207.png,걸레받이수정
3345,걸레받이수정_288.png,걸레받이수정
3346,걸레받이수정_52.png,걸레받이수정
3347,걸레받이수정_136.png,걸레받이수정
3348,걸레받이수정_221.png,걸레받이수정
3349,걸레받이수정_218.png,걸레받이수정
3350,걸레받이수정_151.png,걸레받이수정
3351,걸레받이수정_190.png,걸레받이수정
3352,걸레받이수정_168.png,걸레받이수정
3353,걸레받이수정_282.png,걸레받이수정
3354,걸레받이수정_220.png,걸레받이수정
3355,걸레받이수정_201.png,걸레받이수정
3356,걸레받이수정_0.png,걸레받이수정
3357,걸레받이수정_147.png,걸레받이수정
3358,걸레받이수정_95.png,걸레받이수정
3359,걸레받이수정_104.png,걸레받이수정
3360,걸레받이수정_143.png,걸레받이수정
3361,걸레받이수정_45.png,걸레받이수정
3362,걸레받이수정_225.png,걸레받이수정
3363,걸레받이수정_254.png,걸레받이수정
3364,걸레받이수정_215.png,걸레받이수정
3365,걸레받이수정_7.png,걸레받이수정
3366,걸레받이수정_144.png,걸레받이수정
3367,걸레받이수정_92.png,걸레받이수정
3368,걸레받이수정_159.png,걸레받이수정
3369,걸레받이수정_304.png,걸레받이수정
3370,걸레받이수정_88.png,걸레받이수정
3371,걸레받이수정_155.png,걸레받이수정
3372,걸레받이수정_20.png,걸레받이수정
3373,걸레받이수정_206.png,걸레받이수정
3374,걸레받이수정_226.png,걸레받이수정
3375,걸레받이수정_3.png,걸레받이수정
3376,걸레받이수정_216.png,걸레받이수정
3377,걸레받이수정_173.png,걸레받이수정
3378,걸레받이수정_274.png,걸레받이수정
3379,걸레받이수정_49.png,걸레받이수정
3380,걸레받이수정_228.png,걸레받이수정
3381,걸레받이수정_67.png,걸레받이수정
3382,걸레받이수정_279.png,걸레받이수정
3383,걸레받이수정_25.png,걸레받이수정
3384,걸레받이수정_158.png,걸레받이수정
3385,걸레받이수정_44.png,걸레받이수정
3386,걸레받이수정_40.png,걸레받이수정
3387,걸레받이수정_263.png,걸레받이수정
3388,걸레받이수정_137.png,걸레받이수정
3389,걸레받이수정_10.png,걸레받이수정
3390,걸레받이수정_290.png,걸레받이수정
3391,걸레받이수정_53.png,걸레받이수정
3392,걸레받이수정_281.png,걸레받이수정
3393,걸레받이수정_98.png,걸레받이수정
3394,걸레받이수정_31.png,걸레받이수정
3395,걸레받이수정_179.png,걸레받이수정
3396,걸레받이수정_195.png,걸레받이수정
3397,걸레받이수정_193.png,걸레받이수정
3398,걸레받이수정_276.png,걸레받이수정
3399,걸레받이수정_66.png,걸레받이수정
3400,걸레받이수정_165.png,걸레받이수정
3401,걸레받이수정_265.png,걸레받이수정
3402,걸레받이수정_127.png,걸레받이수정
3403,걸레받이수정_231.png,걸레받이수정
3404,걸레받이수정_79.png,걸레받이수정
3405,걸레받이수정_84.png,걸레받이수정
3406,걸레받이수정_38.png,걸레받이수정
3407,걸레받이수정_93.png,걸레받이수정
3408,걸레받이수정_100.png,걸레받이수정
3409,걸레받이수정_261.png,걸레받이수정
3410,걸레받이수정_48.png,걸레받이수정
3411,걸레받이수정_126.png,걸레받이수정
3412,걸레받이수정_219.png,걸레받이수정
3413,걸레받이수정_232.png,걸레받이수정
3414,걸레받이수정_243.png,걸레받이수정
3415,걸레받이수정_204.png,걸레받이수정
3416,걸레받이수정_99.png,걸레받이수정
3417,걸레받이수정_82.png,걸레받이수정
3418,걸레받이수정_32.png,걸레받이수정
3419,걸레받이수정_166.png,걸레받이수정
3420,걸레받이수정_129.png,걸레받이수정
3421,걸레받이수정_80.png,걸레받이수정
3422,걸레받이수정_258.png,걸레받이수정
3423,걸레받이수정_133.png,걸레받이수정
3424,걸레받이수정_121.png,걸레받이수정
3425,걸레받이수정_74.png,걸레받이수정
3426,걸레받이수정_241.png,걸레받이수정
3427,걸레받이수정_146.png,걸레받이수정
3428,걸레받이수정_271.png,걸레받이수정
3429,걸레받이수정_208.png,걸레받이수정
3430,걸레받이수정_15.png,걸레받이수정
3431,걸레받이수정_172.png,걸레받이수정
3432,걸레받이수정_70.png,걸레받이수정
3433,걸레받이수정_90.png,걸레받이수정
3434,걸레받이수정_268.png,걸레받이수정
3435,걸레받이수정_91.png,걸레받이수정
3436,걸레받이수정_302.png,걸레받이수정
3437,걸레받이수정_13.png,걸레받이수정
3438,걸레받이수정_230.png,걸레받이수정
3439,걸레받이수정_183.png,걸레받이수정
3440,걸레받이수정_77.png,걸레받이수정
3441,걸레받이수정_139.png,걸레받이수정
3442,걸레받이수정_2.png,걸레받이수정
3443,걸레받이수정_6.png,걸레받이수정
3444,걸레받이수정_35.png,걸레받이수정
3445,걸레받이수정_24.png,걸레받이수정
3446,걸레받이수정_56.png,걸레받이수정
3447,걸레받이수정_205.png,걸레받이수정
3448,걸레받이수정_293.png,걸레받이수정
3449,걸레받이수정_246.png,걸레받이수정
3450,걸레받이수정_252.png,걸레받이수정
3451,걸레받이수정_124.png,걸레받이수정
3452,걸레받이수정_160.png,걸레받이수정
3453,걸레받이수정_214.png,걸레받이수정
3454,걸레받이수정_284.png,걸레받이수정
3455,걸레받이수정_198.png,걸레받이수정
3456,걸레받이수정_157.png,걸레받이수정
